0x2fb9f0ef424b24a8d293999298f392a33fe6a8b5,7227669,No
0x4defa30195094963cfac7285d8d6e6e523c7f90d,535,No
0x48a63097e1ac123b1f5a8bbffafa4afa8192fab0,2205.24816777408,No
0x5743c8aa25794a7afe9ad987df8488120d15524e,1277.82255820325,No
0x5e7d8ae9a2607e241844997b8a144ad3eb27ec74,238,No
0xbb3f043290841b97b9c92f6bc001a020d4b33255,297,No
0xce7298e5ef1ae8af0573edc2ebd03ab0f837e214,476,No
0x00290ffc9e9d19bda7b25c6e44d8adf55dfbf2dd,535,No
0x5ad32c7aee7f06575ee0740cda8e6bd095cc3919,535,No
0xd965952823153e5cbc611be87e8322cfc329f056,238,No
0x24435205eaf97df22b6f2a2463ba039497596ba4,512,No
0xc542492296d3537eb3fd16fd775bdf7ab8721c7c,274,No
0x0d24951c51d657d6ec04984b82a1036a3a6bc491,297,No
0xfaf95953a36ed1e8f8426ab5b7eb53da246e3476,238,No
0x383f42b5de515c564641f65f5da3bd8b4a35b4b4,238,No
0x461e76a4fe9f27605d4097a646837c32f1ccc31c,238,No
0x32802f989b4348a51dd0e61d23b78be1a0543469,535,No
0x6b9a9c31214fbcb2265e2a6331e5b8487217503f,535,No
0xba9fec0023e6aa54d96617cdb3e5507ff20f8b81,297,No
0x69dccfaa5758f789039f6c161f466fd165d98af4,297,No
0xfe19915268e64bec65b9ac2c0e23ac6ba2f11ad7,297,No
0x15ecac227795409df99d2703de3478e115307bd5,297,No
0x282fb599d7e3d9b5e906e88448a30c60b497129f,297,No
0xf8049c8425f9eab4e2ae9e1d950f9d3f71481882,476,No
0x76b687cf4e5a4e73fa3950d6cc642bcc64e40b88,297,No
0x0eabffd8ce94ab2387fc44ba32642af0c58af433,512,No
0x798df98e795e4cbf9076fb191f3fd6e81400e31c,297,No
0x5d1132bfc763574145ec0eaa2d6152681e2fc845,297,No
0xb98e58cb458b5bea1d8c83c37e17893e399abdf7,571,No
0xd3f0862e4acef9a0c2d7fc4eac9ab02c80d7b16c,238,No
0x33e536e1b620f21a6dc02e00a0f6ef7df778a547,297,No
0x66da63b03feca7dd44a5bb023bb3645d3252fa32,297,No
0x9097cdff0329382df4a17e86195cc664385656cb,535,No
0xe4cbda373d6a445f83fc9125c6230ba58bc08320,1007,No
0x9ba0022ec84e92dceac90d0a22e3a857ba37bfe6,297,No
0xbe734db7e0be22a7d2370ff6b495de2e6c40f800,571,No
0x865c2f85c9fea1c6ac7f53de07554d68cb92ed88,1725,No
0x2388c11d0532ce92a99d16d1980cc5980cf575c3,297,No
0xcf3c8d8fe76d0e5843544b1ae305452170db316f,210.581945456496,No
0x30aca5dcca22440715f67e368c53a8b9f9fc6e22,297,No
0xc2b641bb3b0caae2cd078c4a462f185e40169898,297,No
0xb57f9a920b9eca87a717a78f523b1b61068a35da,297,No
0x751ff169fa139ab1a90a4acb2180bbf7531e34f1,297,No
0x61266d0ae83105ebcd9f5f0d3f186c8b720fe998,297,No
0x0ef4106931148c5941c1ddde734a26e43c30b023,297,No
0xbcfce76f0c44bcc31696655de5eb2e5179d172bd,297,No
0xd3ea4f10091290d5921b66f6d9ae26d539895685,297,No
0xef8305e140ac520225daf050e2f71d5fbcc543e7,535,No
0x3e9aa9a0e711b8a924b1a7ba88a413efdaffdbe8,952,No
0x4fafa767c9cb71394875c139d43aee7799748908,238,No
0x4b2de0cbd1301c7155515dec509cb97c3b9ae77c,297,No
0x8523d28df853d8a64b5187a458abd5d9b85fb89a,297,No
0x98ebe133e57c5948fc26ede79672d269f7e424a9,980.105818559018,No
0x08e76e0c53f6a0e6c5cc920bfa89af6c3fe9bfe9,297,No
0x9b68ced9a7d1881e3e0d1a0f2833916cd9136fe9,238,No
0x541d54f06d95deefa2d98a39455e4e907b27db6b,238,No
0xfdc6a17917115498a3ed417d4a89224685f26ea3,297,No
0xab817899d15da40644470079f2dcf237eed0d004,297,No
0x38d894e135400587e11b4b5217867e75b0571bc0,297,No
0x11bfafae971d6e3964c59b44e504fea6dbb34457,297,No
0xadbfbc36e7480e9bc73c71f8c647ae5359ef99ef,197,No
0xbe67d6800fab847f99f81a8e25b0f8d3391785a2,94,No
0xe42c80520511533faa23a576397d7a917609d5cc,297,No
0x93263679c223e917ffa87c223b0f065ef41aee86,297,No
0xcca768585e1fa2871ddfb789ffa95c6288162fc7,1072.63611440495,No
0xfa8837d561c35d00574da97ed4dd3f42e0493e64,297,No
0xcdf641863b76e5ef6a2d766b86bedacbd16ceade,274,No
0x1acc962454c4eceaf216dc1f13d7949b4cfaa065,238,No
0x20b48bdf395232acae5d6e3b345c0f107ffa8abd,297,No
0xc6b69b579b94cc2e89ab37c5dd4ede3df05df04e,297,No
0x68a7ac13477aad590982293feeeb786a00276cf2,535,No
0x26250d5b0265a9df5f59b9086cab1095254d38b1,297,No
0xad8717e33c719a9b407ad6b40d0be237845c2fbf,238,No
0xa37c6f25b743b8ae6d361b68605f5dc2d3107854,297,No
0x7ee8f8f465896f56edbdb5209015b64249c96ddc,512,No
0xf9d5c9a7200e1ac4a0fd41b2a3d28ff5cf3f2284,297,No
0x21844640138a348474064180c93ad82f50c89357,297,No
0xa598a0086e053e4d90532fb1269d92901dd8e034,535,No
0x1c5eb68630ccd90c3152fb9dee3a1c2a7201631d,1250,No
0x6280aeb92c12ef44e04a053d3d23e563b4217382,274,No
0xeb95ff72eab9e8d8fdb545fe15587accf410b42e,607,No
0x77a996e9f0d76c4f03e208160d07ad6f5dcd59a0,297,No
0x2c00b878b799e3aa5e9f9a81b3e5945508ea51c0,274,No
0x60b0224bebd002e2cf9ef7d505dcd07ea5bd1156,274,No
0x54021e58af1756dc70ce7034d7636de2d2f1fa74,1428,No
0xcf88fa6ee6d111b04be9b06ef6fad6bd6691b88c,1761,No
0x97a46f7f48c0bf82aacb3c076b10c8379ab6b4bb,238,No
0xd93e1404d732cfea9f7d863c92efe4e408857b7a,238,No
0x1df428833f2c9fb1ef098754e5d710432450d706,1012,No
0x5b93ff82faaf241c15997ea3975419dddd8362c5,11238.529412,No
0xcc6d52996ffdf96d82316aae5f87edd101358eac,238,No
0xbd395d7ce71aa2747673288119ce54ed03fc90ef,297,No
0x8df676ba0298b733c2311cffa234de58849eb678,987,No
0xa967d8b2d5b623a4b09eaf985a4463fea19b7668,274,No
0xfdc79d60b59e56ddc6e42afdadb51e38ed9c7501,1,No
0x523d643e3d7c455d043ee11b51bc8ec08f6ff474,297,No
0x98c923b40c3612a143e5b97a61582cf7e1dc7a0a,512,No
0xc6eea286d5342d90e7e82059d340b15ed38a8b77,238,No
0xe0982e0d39eee312017c58dba76c99ca59b8a958,297,No
0xc61641c59f5c459da94e330535a95df4d5faceae,1011,No
0x45cd32a6f1424a73531d27a344d3d56a994ff076,283.406070745138,No
0x9b1ae7168be6d618ce1ec5aeaab6f588afa18e54,306.769175017849,No
0xf0c6494e3165986111bd8ab9efa66c48d9f18bde,238,No
0xf627e5f4bad95a956468d8bb6ee20b119f992e96,714,No
0x109bb92503c567ac52647d507849aa9429077bf9,238,No
0xbe81cca2fc9f28e24ede0363ddfcdcba31ab1e3f,297,No
0x345122f6513329d169cff39ace8978edc3942b5d,297,No
0x2769f1c2883b5a4d7ff938d04408c8ecf60d9df6,238,No
0x92b406851390541f445b7c697014133d4b5bfce3,238,No
0xf0c529fa06ad5c99e7918c82ef84b4bb7790705b,476,No
0x7bc1d6e8150d4c96917901c26c922dd64654b3c3,714,No
0x8a333a18b924554d6e83ef9e9944de6260f61d3b,535,No
0xc17a778f599e80d0e0bdd98638ca0880b745b924,297,No
0x4acf5fcd324390f050a817edd41cf1d60edbb384,5000,No
0xa997fc4a3d5d37da77750e2815b025cdd3d1116f,274,No
0x2439e7a5bcca82c7c13a2623cccb91c352b63579,120,No
0x3c3cab03c83e48e2e773ef5fc86f52ad2b15a5b0,297,No
0x8f942eced007bd3976927b7958b50df126feecb5,1011,No
0x0b946efae53975b97a0d1d02f75fabf55d0d6a96,500,No
0xf174dda2267f5141c1d2d523c53751692cc6f322,238,No
0x850b57fa5e6cf7dd624ac9287a2c7c79b342d7a8,476,No
0x69e0e2b3d523d3b247d798a49c3fa022a46dd6bd,274,No
0x4f4834c5227f0691596fbc91e9c46d9ab7c0a3d8,297,No
0xfba2c2bbf977eda19ad819bb46787f4c91d1ffad,750,No
0x89b6779936aec4298d758d0a51e8cfd3131aec65,297,No
0xdcf753715a75407d3931a131ef7948f65c051dd7,0.3,No
0xd74b126baead23a1160494dd8bca94a1081b150f,238,No
0x7af7b0d8038c63451840cb7643c4ae9612777f59,47,No
0x202ce253776e474baa9a2d0ded39304226fc28e9,297,No
0x0b7917b62bc98967e06e80efba9abcaccf3d4928,297,No
0xd50af807a66c685c95bf60f178c1386d4e309b3d,297,No
0x87e32d4631d728d6ad7ebcd133b11febc9da9b93,2902,No
0x8298a996a00835eedcc75763038b731fe617fd0d,238,No
0xaa71f3669de789d88aeb8df7e52403792c4aa2bf,535,No
0x93730ce5ac9de1db9f3fbb73bf522a690629ccec,1249,No
0x8f08ee5e3e44bdc28127e050fcb13f5e4671433d,1663,No
0xc05ed3743d87bee34b76792d28347478015d7754,2177,No
0xf089af48c0abd5fa41741c334e18083f6a502045,297,No
0x85c0c09570c955f6e07522e9ad6041716cbbb7fe,939,No
0xdd0a15e945a9d95c48a1a26bc7894ab2a7b71417,200,No
0x7d1c093b56b4c6a3edd9fd710f87292b73e78ea3,714,No
0x10d6d2e343281d388291a3e02f3293aaeda67178,11072.529412,No
0x8807f46ad3868c59c73d1ac65500f1d2cb3bcad7,297,No
0xf5b96fc090a491c861c601f2b051fae552194aa3,3.8678198024904E-05,No
0xbfdb50dc66c8df9fd9688d8fe5a0c34126427645,297,No
0x44676f8b773fc93859dfebb91331642ab85e868a,238,No
0xf9b2f966c3cd7d39066a8534809135cc945a22a5,238,No
0x96b215ceb2c5118141bc0c94c1401e377c6f2bfd,238,No
0x3d5f1ad033c4e7c6a6d433d50d694c488dcaebcf,62,No
0xb0325dbe7fa891436e83a094f9f12848c78e449b,297,No
0x2117c37a65ad3c0489682386f7d81d4c6d08b3c8,476,No
0x8b8db5b327a3d051367d78b4a028722ee06555f1,535,No
0xeb54d707252ee9e26e6a4073680bf71154ce7ab5,497,No
0x2ed0db8d2870ccac48b1693b9efe4341fedaecb1,297,No
0x7a22e7a4d912231f9c0fb6760c59ab560188360b,238,No
0x2e63e1c7fdf4a69edbd0a6045180d02faf241d4f,2327,No
0x29bc6c8d87d75a1b0d30baca5088723991fffe82,297,No
0x06cb8c8e9192e54837b2913c69e2c392b0544499,297,No
0x083227628a8ce4b78ac244ffd140392393024242,297,No
0xf461b7e6cc342d2942379cab5332671d4b9eefee,750,No
0x149eb2d5866d903c60c3efd571b01e2af23ac202,297,No
0x8ba2c30e36e20b49e197c984c60431ca00a3063e,297,No
0x1a1ee11175e63ef18f40a7165e5c920480e7a46a,297,No
0xd2af803ad747ea12acf5ae468056703ae48785b5,1225,No
0xe7079eec020ddfc3f1c0abe1d946c55e6ed30eb3,750,No
0x48c3f2762c9e811bbc2e5dfbe0bb6bd36dec5247,512,No
0x0688bd1b30b41ff24409454ad7068b5da459e2ed,274,No
0x8a3708558a1ab29de8b3389a6ade86433c220c39,274,No
0xf43f7d19a81087de6fbf1c5d33e4b946202d9a15,274,No
0x31fd07ec5ba9c1de29a66defda7804c21783177f,274,No
0xb683a2056526162c4771d363204af41ea8c1ec52,297,No
0xad578990c446aea243d9e05f6a02d1462f283d0a,274,No
0x6892b859c19246a936b570989bdfb50efb8e1b96,238,No
0x05b385698f1a85ca1bba88364eb55971d0e60ef6,297,No
0x1b5619ea5c5f0998006af5592f2d9506f044d107,238,No
0xfc7092d1e9133ff09607a9eff4edaf87bd4e1800,107,No
0x1755945beb90b6375946390a9472fb36e3e40828,274,No
0x00493aa44bcfd6f0c2ecc7f8b154e4fb352d1c81,512,No
0x2ae5f36c77a736f76d61f3eec06f12caf2963fd6,297,No
0xa7499aa6464c078eeb940da2fc95c6acd010c3cc,476,No
0x09be9ab0eb61327d26904bae69efdc6633d5eec8,238,No
0x4892ae6e6adf7e1ab9e5f3d2ea12a01296f6c080,297,No
0xc0bd4a665ae5af5299cd83373255f9496d1e7a8b,238,No
0xbfa43bf6e9fb6d5cc253ff23c31f2b86a739bb98,238,No
0x9511b898bb2bf3def48b351a1c116d90d24c5aeb,297,No
0xe7ef07fc17c6a71ab1a59d2f3eb3b332053cbfca,238,No
0x33bb361ff578fa67a726a39383d430b09f259fd5,238,No
0xccfc864cbf37001cb489828b21b96fe3e9641d3b,238,No
0x301a4125ae628984fa2b419ee8fb527a4873312e,204.55529296471,No
0x169efe5ffa1011fd90ee8438785e49066ed8ed31,238,No
0x83c9440dc34da00c47a0d4dc2b598d7bdb1b53f7,26,No
0x1288e3dad9deb275deb8793f5e206ab17bf11224,238,No
0x02206509a713e003bd099fd12a2edfef9af84665,274,No
0x41c3fa96942d19043450ec963eb4df44336d8035,1000,No
0x672840d7a92930cb18b1c0991014b55d78e872e8,274,No
0x7b8405d2e5c06156c6336666a0d9029a6c3b1364,512,No
0x0eeb15cada5996ae022d72ef5a1cf3f6a4f3a017,63,No
0xdbdf0a42ee6809e4c4350f99539e91b91b4ae4b0,238,No
0xd8d180d7a755a6e13a6502688f46ef12ecd9543d,238,No
0xf797485cc069a3910cd5d0eb5e168eeb9e8b8b1b,238,No
0x5a86c375f343126a4bf09a0dde46cbafeec083dc,46938.0259299338,No
0x787c6bc234fb18b6389d0cec6b8f7e030e043d0e,274,No
0xd906979081fcb040f00213e86fb887a12de2c495,288,No
0x4059457092cc3812d56676df6a75fd21204fbe2f,238,No
0x39f4662bf97200dbfa00ed05e3141c8959151cfa,876,No
0x00812076e9460d60e7f9af956cbda17ac64eeaa2,297,No
0x7b1d4f3602f0fe16c4f611e124d3d7b307245ba8,274,No
0x0ddbdef89e42fa1bfa468ce1361cb6959f15302d,263,No
0x8c4cbce4b62e6c6eb173da4ef7516f2935ec171e,274,No
0x7827b2ce869af8d192985718674419c2c21bf850,520,No
0xd2bed76c047e7ef313c546eae390774335cdd676,274,No
0x4a5bb1c9347a0d4f7e06a29239162f03647d9232,238,No
0x61524303810f8bdd61aef58af39355aa353dedd2,238,No
0x6e2e7e574b55e203ca072d55ca20186737bf47ff,118,No
0xc578273ed90c5af250576d586b651335aeca65b5,274,No
0xfed257209796eec486f2a1c0af1b330857e463c4,97,No
0xbc0e77adf362647ea4ba4a1bd1493998ca6fdb81,274,No
0x9dfe88d246b6bd9bfc84aeee7ba7938441d3f994,274,No
0x45fc61a99e47d2df0db946377f2a54c53c47faba,238,No
0x9007e386e89eece958ffa5152cc0a37b2f28012f,1000,No
0xda12f9149d0c8655097cf57323328bb102575638,274,No
0x84c6ed12b6fec50b4d4c89d379afb8cfef5b4e73,476,No
0xafa58a113094e8525ae1545c648c687317f0ea25,238,No
0x9e42f20ad23feda0cca899abe688bcee67cc4d5a,238,No
0x5874f2ed630df79256114ef213ea51caaed0127a,274,No
0xef3c9ce5181a7e0466a0548d4f11e9451bc8dcf6,297,No
0xdfe9daafde8e062ce71be1cc295f92890568cdb2,238,No
0xb3397a6feedff2b9fce9ca1086cb1bdd617c16bf,238,No
0x8299b6f77b11af3040650cc77fd8a055ed6dd879,238,No
0x4872ecebf81d8826265ada89b73a8bc0a8c4b7b3,512,No
0xe064b904dfb30bdd37886efb20bb328a6b5b4a6c,238,No
0xc3a1b0600ba577587b6f9441abf5baa9f0804819,238,No
0x061716a85aba5e37626e4a2c33596d59823d30b8,100,No
0x0fc84e15aeb7907a76a221169d80d3eb06cdb44b,535,No
0x6f9bb7e454f5b3eb2310343f0e99269dc2bb8a1d,476,No
0x2beba030cdc9c4a47c5aa657974840428b9fefac,238,No
0x1e341aa44c293d95d13d778492d417d1be4e63d5,1256.71753656802,No
0xa478d2f55e820284d3815fa3368d683f9262dfef,274,No
0xe8f892c8fd2194f2d1a029e9562b6c392fc38d9b,297,No
0x8be3fd8a423c38131aae0330b20ceec425e0e50e,322,No
0x140383228782f890eb3dc0af3f58a9a31b4d68d6,274,No
0xd62663ae3e70916fe40b3e5d53f1dc4a9a88c83c,476,No
0xe591d1c16ab612838c6ef6157a54ff9931f35936,238,No
0x25a0e1e03276f195dcaf8f189302deee2d798a4e,238,No
0x498e2a1bcad63555c54113b200f24ae0ba03f9d7,297,No
0x2467ebaf6860532384639836ca40706cd8f2cd17,238,No
0x7d4ced15383b36f964cc6d34b2d58b2e5fdeb572,274,No
0x920bea744e994b5f275ec1826adaf8d1274317f2,238,No
0x233c5c48fbc8ba555d1b386c06b1918636f3df92,238,No
0x3ae1f3d1b5546d62035a2c5112e854f292acf2fa,238,No
0xa44b871cda434213f7dc3f7f064ca47ce58fe80c,238,No
0xe6a3091377b9018175cb57f8b37f41263fe2177c,297,No
0x78d8e8807f652b54afe33b7645a26c5ffae5291c,238,No
0x5e1dd494c8c709fbb2a0212825f242e44370f152,10,No
0xbeb1fd865feea5006c74bcb615ebb00f1a05d469,238,No
0x60d38778adbbeeac88f741b833cbb9877228eea0,539.002790568708,No
0x81dde1be69f32e25a3727351a4d12569310a2fe7,238,No
0x08e5f4670b8e70fe77d952ba0fbbf9f4762aaf73,512,No
0xbd6c4afc2c60ee46c0b0c7bff6bb3a2bc3d36c50,238,No
0x414531e74c58b4a5c5c998b18fbe819a70d78f30,297,No
0x3a850f26ff51c7110cbc1b71dd234765e3593a98,238,No
0xd67da3d36085b966b1fd7f72dd8bd7e5dc630f7d,274,No
0x46bfb6a58dd15bfc3be29fd6476685c190b085b6,297,No
0x93cbc172d4b35e65530e2e9b0f5c6c154e0731af,238,No
0x135c21b2da426760718e39da954974c4572ae9f6,1034,No
0x7aa1d4620d05479a17aa94c97f937b87c75ad239,238,No
0x0287ab3366d0391225acb5daf790742bcc036f4e,297,No
0xd4ddcfcd7ce5c205b7eec032ebdcf3a153197153,88,No
0x341e1cb13eadec0748587fea758620fd9538f51c,238,No
0x5090c4fead5be112b643bc75d61bf42339675448,100,No
0x50ed46ec4e329fa45d594d6e072168727391cde6,238,No
0x091f5f57a42f08a4275669f2f2c5c04b60f6ae3f,297,No
0xbcc224605383cb72dc603b1e3b4f4678b371c4dc,735,No
0x3b1b770b3821678e44cf456764a06ea0a937b17a,297,No
0xb278ada59e7af95a0c3de7699d8946b853f1e38a,512,No
0x9d4c1c518442ad9eb23cb79a4792d508b49c81af,274,No
0xc8d46eb7881975f9ae15216feeba2ff58e55803c,238,No
0x21a0b6fd81ec697e326228df279f9add0d1b021a,297,No
0xd785a0b9393f8280e1da72c81b8e6d18eda81db6,238,No
0xe4347d34d8c0c941926e84b56cb9dfcbcf4154fa,476,No
0xd9ffaf2e880df0cc7b7104e9e789d281a81824cf,750,No
0x18aa24ab72b862bfb46f30604e2c401367912b40,238,No
0x36a313d72aea756062d97ecf47841ea963c53340,238,No
0xa1952db7d21e45c49a768c7ca143167abda54660,19.93,No
0x7137f0420565e1bcd6abec57e3c4aac05ddcad01,297,No
0x6ef6ca72015bccb55df20dafdead4729b48f2a77,297,No
0xd5b0e02e4cecb59ead4b7b29ee1148f7de774194,750,No
0xb01b31f8ebdf2ba6371b9d8cdca8b9cbe06face7,274,No
0xbeb3502e6ea7603c57550d23ad93e786261a6272,375,No
0x3e415cbd89d9c5f0e7476e0f3e7dfe984d0f9fef,238,No
0x721931508df2764fd4f70c53da646cb8aed16ace,476,No
0x4c7aec150afc04f4cb3d93d6c7486c566b78ea92,238,No
0x8ca6b17e09225723097158da257c2fc3b3eadbc1,274,No
0x03f1ec9e7df623c4bb2cd90765aa0b73b1bc503e,238,No
0x2bf034eccebc8cd60dab9c249b6c2996dcb7d8ec,80,No
0xef5960be566663308461c62be5a34225d67687fd,238,No
0xc59eade1be99e8660eb428e49c2bfb0130b3e242,238,No
0xf24f63889b16fb1a8edf0f0b4e84a661ba13e1cf,100,No
0xbd1293983cbdc189f986bafda8cbf9f37fb30e2c,11,No
0x056590f16d5b314a132bbcfb1283fec5d5c6e670,593.114753961954,No
0x662d5d79849113a5403af776210307a7c82a5267,462,No
0x9fecf056375a973308bb3d6fb6b1c230cfd21456,238,No
0x294d2e0986905e2e542a310c26171069338cd8c5,238,No
0xa4ec625b3cc1065546c1c2a8f11792ee416db0bc,138,No
0x5c2b25c2fd3bd98f6ed0628238077f84916ea74a,750,No
0x1cae2fb984045831b918f0d7d4691559e8d0121c,238,No
0x3e0516fddf594ff2b513e4b2f34d957e33a1c8dd,238,No
0xf77dd6e758ba8b96fcd2f02df2f4373f26b9137b,238,No
0xb26b5a7c4b35efa73e2343a086af55b459cebab0,517.113702902555,No
0xf67e69c363771abf7319c4995acbc99f90e32d61,476,No
0xc4798b79d22630cee83b4ecb0fd98cd5ff0fbb62,1428.75478748,No
0x8a286b1bbfddf7296c497e99d5900005a09831d2,535,No
0x42dfaf5266ad40ab4533f9806f5cc1df4c1eb363,238,No
0x876628b4a5e4216ea46785c80eb7a283e371829b,512,No
0xc8ce7848553be879c4a874b02ded36b5ce99ef37,238,No
0x588a7430a4e54279aa4a1e6208e651ce68bef2ef,238,No
0x1fbed57a1c4216f5968946a7dd16ac6c75e925a3,238,No
0x5b0ed743a0bd6c3b3bdb2c7970642f956f71fc91,100,No
0x15579f74c1b93b573c0a4d865011ec68f909fd02,238,No
0x20288c00bff0a616a1ec9e7d351948f1ef77b974,238,No
0x5c85985bb0c1d4a8556b27dc6fd18d4e4f5556c2,238,No
0xc8c4ab6e1e7dcc4e2957244baba86ed937dc0ee8,750,No
0xe8bf704e1e27067c664177a851166021e96c1071,274,No
0x9b8afb5f6cbd0cb9f61a2d3765acbd5a8f1b911a,297,No
0xba333f8ff556bf35d38e102a98daf1c5f6d9d708,263,No
0x145b8d0fe270b7bc4c362ecfa12e5f97e6788c48,238,No
0xbd0922d4d895fae0322fd5ac137126bf56fbcf71,274,No
0x64dcbead3b25b94c1c07158c8a6ad6517b95513e,238,No
0x00763e52827248c75ce045c3a41b5d02fe30a330,238,No
0x183b6267cb9f985a8aa7fc912672a21d644a4102,238,No
0x554c5af96e9e3c05aec01ce18221d0dd25975ab4,238,No
0x148e2ed011a9eaaa200795f62889d68153eeacde,714,No
0x24847ed6ff4896ce61a011476e609f1631c37221,238,No
0x9bc20560301cdc15c3190f745b6d910167d4b467,535,No
0x892857d3a0e6ca504da54470a0d71593525ebc22,238,No
0x18d8646530dabe8f93b89282af161fae03896638,238,No
0x58dc922892db192612bd8eebe8f7f43e9cff269a,476,No
0x7bfee91193d9df2ac0bfe90191d40f23c773c060,238,No
0xb62b8902cd945a603cb581e431f1451fc273e9eb,274,No
0x2e5a3afca269e07caf7e2925732e1d810cd24bbd,238,No
0x5b1ca403891fe5d94c460b63a0f1c2f4aef6f0fd,274,No
0x287fe1c8590f1cc6be4deaa840e176b70e8d73c7,476,No
0x5373a16db0a872dd6300c3ef8c1bba394ee15fe4,238,No
0x0d610b788a324d3372641a9b7f1ee9f42e83f73c,297,No
0x016c8780e5ccb32e5caa342a926794ce64d9c364,238,No
0x8886dca35291f05ed5d8e21f083998ea8dceb50f,100,No
0x876aba8dc1c60cc57f840e3b283b62948a02d532,1,No
0xa0330d984644936a202ccdb5f67d906948c45ef0,238,No
0x3b1f86485c1ac29cb079338200cf19be64a64ab7,238,No
0x81dd0208170529a846ee05a8afe4c2aa2216fdaa,238,No
0x235f32bb3920bf99e9fa813a37fcebadaf9cdf39,750,No
0x6fa0c5113e885628654c9543adfee1793aa26470,238,No
0x55cb2b9b1a6a69aafcb7287ae0763e173d7b905f,297,No
0x3a25473a5098f8b5ce1bd383416801bff28575b9,238,No
0x415a6f24e55903391c2c41067193d527843f0409,512,No
0xd70e6e0c52804fd755c4a57e67e7d7e40c3e1287,238,No
0x8b4bddaa976996f3ee6dd07851095351e23ab90d,238,No
0x5757fe6999228e1c60461d7c128f700571b960db,238,No
0x63b1335b3411c0a010b1029a71eeb21a7d4a05fc,750,No
0x443363dfe3c1644db7cc8085a1ed19afb90b0b59,238,No
0xe0477b837ef086f3f73dd0e6db7fef111da9c38d,274,No
0xeb4b1481929614c27ca89fd20f988808247a27ba,238,No
0xac141bd4cabb73b4f4938353fd885f74fee85384,274,No
0x3bf0f2caac44d853be372cb0286b00ddbad98767,9358.529412,No
0x79f040fbae383f0286db6304d6cb11fe0379c861,274,No
0x80d4495dd9c0c8fa110f5173ae352a7a56801961,274,No
0x8b5109d86cd37b50df35d75964c204de16dac13e,297,No
0x0871e6872f0cdeb32eb013648a76575b4d2dba80,274,No
0x1facca020625949fc7ac88245cb213cb574370ef,238,No
0xccd4c202ab2cd6de8fa3158553f1c679559ca65e,238,No
0x39641f100d99036a29c01a34fa9fbefb98257380,535,No
0xcfb586d08633fc36953be8083b63a7d96d50265b,987,No
0xd71e7286e535fdf7af405c8e9182146171401235,238,No
0xa6ce66f79ebea1420d71b4b688c652f077bc1331,238,No
0xd0aee284d4b8ee835c3c4a9e78dc72d360ed453a,1000,No
0x6dc88b231cd04dd1b1e525161162993f47140006,238,No
0x376275c4f9e4fffd8a89a90852f253f8e3373f67,297,No
0x63bc9fdc6b27e0c67a1d0478f9c4d36bc08a8c39,238,No
0x66a0857b747678416ad1dd811e74170fa07dfc45,238,No
0x44d3e3d34d1dd3e1d520d8ce39d51c9a88cfac6e,274,No
0x1668c9725e27bf5943bbd43886e1fb5afe75c46c,297,No
0xf7d02bd85043a2506d496d0c6c3253165d93c63a,430,No
0xc22103115ea757c427788622880be6afb8a4eb64,884250,No
0xfe3ea7f424b3cdfe2a3cfeccebc8f4114c955858,246334.610906836,No
0xabaf40768e575beb3244df2853a0505cb2d2e4bb,25.6780760977178,No
0x4bbb9ec87f5f274f1e342ef12a9491d681274add,31023.8372482521,No
0x4303ddc9943d862f2b205af468a4a786c5137e76,31818.7084013288,No
0x98397a068d413d3c92a506f98c5f25d33a9dac14,37941.0439095396,No
0xd069efa415ef5113598b36619305dbf88dcd363e,200000,No
0xc8f2cda4243d365db018d5b5207dea5ef200d29f,200000,No
0xc1987f61bdcb5459afc2c835a66d16c844fd7a54,50000,No
0xa64fc17b157aaa50ac9a8341bab72d4647d0f1a7,8823.529412,No
0xf96f969b2f11dc5aea3b0bcd8e6fda4972fd8d7a,238,No
0xe1e5072de1d9b120cc33c57ebadbcd33dbc6dd62,238,No
0x7469a121bc56b00d8f87a548eb6d68690afaf893,238,No
0x56704a5ead0b06c8e05c2108da00d52461a4d222,274,No
0x76597c11187c29113e585a068f0246cc8249fb13,238,No
0xb9f3b279b216739d737b486b84a45ff813234c32,238,No
0xfa46dedf812c5803b1e2cea10eef3f27dafeca56,274,No
0xaabd5fbcb8ad62d4fbbb02a2e9769a9f2ee7e883,238,No
0x98e7d41cb1822fc5e86f41c0290561cffcf87e99,60,No
0xa5e1c37ad90baacb791cfa18506224d7c50f1619,297,No
0x3707c59b9f6fa0a8c26268b1343078e470335cf4,238,No
0xca4ad39f872e89ef23eabd5716363fc22513e147,438,No
0xa8fe0543011e81b87884fec483063e0612a36f97,238,No
0x8f212180bf6b8178559a67268502057fb0043dd9,274,No
0x98ee235244a99fde7aadafb0c0fc77845d9e055a,238,No
0xaa0389e7cd5d8ed341c1b1c122c15aab019faae7,238,No
0xf521bb7437bec77b0b15286dc3f49a87b9946773,512,No
0x257cb7bfc267e161e9be7fe85e710c9647e6123c,238,No
0x8bc71aa601e63a5a3bbeb59cd131194c519383fe,238,No
0x0206bc8fc7c1e8635d14f73c0fdb035493f2fd84,238,No
0x7aef53642e38b4d1d2adcc27fd7e23906a6703a8,274,No
0x2762c7fe932b8688508fff24ececbbca92a128c4,274,No
0x1279a8132c775ede3e738cc2a753ffe47d009353,38,No
0x8847916be41b3cc93077ceef7dd3fd868a3f385d,50,No
0xa578aecb7ea35559fba631d7034da9ebd35d1cef,274,No
0xf0fda113947957104d28f16721b41c1919c97399,8.967665452444E-06,No
0x34a903636158a5e5929a6cb87171c7e0dd2ba6b9,238,No
0xf91569595bcdaf780c3f1662f204e157949af8b2,750,No
0x6555f8fb6a02c9c73d55c72959a9e0cebff13489,200,No
0xde37022b2de9a62b3e3a14ae2ab6781770b482ec,238,No
0xb5806a701c2ae0366e15bde9be140e82190fa3d6,238,No
0x416dd0e56e18a6490cfedd5eb885e7ccdb274296,238,No
0x68d36dcbdd7bbf206e27134f28103abe7cf972df,1523,No
0x54c375c481f95ba43e2cecd6ef30631f55518f57,299,No
0xed5f007574c4a00d13f360499614c54d0c89d77d,1011,No
0x4b4f579d1cd604056c353288b8a559c8306b4042,238,No
0x042b79eced8518e0357d790d4363ebb6fbfb1eb2,238,No
0xa5a0b7c3dd5dddbfbd51e56b9170bb6d1253788b,238,No
0x96942e59d8f8b5b92c257bc9c8e6c36b73ebb50d,512,No
0x0fcdfe32ab8652f7539f9c02a42c1e8fbc322b91,274,No
0xb091fc704407014eded8163f8b562c9ad892c7c6,238,No
0xc8149bed003e0298978bb6eb8cd8deb848ff63a0,238,No
0xd7c6782cef3d6614408adc654f0df88a94b425b9,274,No
0xd7ae5de2f4373b6ef31d1c18096629cbfa6fda47,800,No
0x8da29a7b1f8a2f7c47f6a89cab6e4c76d3754581,512,No
0xd1402db2d28baeb571b32757938a12575221672d,238,No
0xc0afef712a1341ca78da145b2afad346e8c3574f,238,No
0x203140e492789c8a3130e4554e65820d6d918f9e,274,No
0xa338096d43effc151e7e89519b524ca5a7e5626f,238,No
0x37b0e438a14a4f6d7d54d52c7c3017921c25eb4f,476,No
0x8c8024bf5f90a06cced7d32babccb934942c82f6,297,No
0x1a037a033b72855d54f5f0d36ce38df49c4d21b5,238,No
0xbb60f9f245505f3d132974169be1c01aa68f66f7,512,No
0xdecd4b961b1984c44afbadbe2844777a627572aa,238,No
0x90a73ebd0025905e38d81cace9ac93076c16d22d,238,No
0xe9d4e436e51648c5d8d1b90667c17ba069b40caa,297,No
0x1434a664bbaf93ab2655fef271e5ec4a2431c2d7,297,No
0xa097dfce90ab5a90ed850f4fb8881066ea0fbab3,714,No
0x16d7034610db82fd30ffc9667f4b4f55e2b8541f,238,No
0xec65dafb6cef59ee0a36504b164e6449a92761ec,10,No
0x5bd2b53cb6b51b4bda9a23ef46b76a501ad12e63,238,No
0x0bd4d80405240215685cedb1f79af8546d943398,238,No
0xd8ab02f0d779b95ddd11af9a7a76fe13242a4f44,238,No
0xeed7e1c7c9c68611584e8f6230178ce0a48eef7f,8163.55411375641,No
0x6dc43be93a8b5fd37dc16f24872babc6da5e5e3e,501,No
0x411dd59d580f41cca9f866bb981e049290b8df42,297,No
0x0eb9a7ff5cbf719251989caf1599c1270eafb531,274,No
0xf938a9619b5ef9895ae40b757a259a2eed98bc1f,238,No
0x04bf1dddb96bed17a8a9b2e8a2d5fabbf5fc57b4,274,No
0x2d2f9da2065741213e47b6d06604cd176817be18,297,No
0x83d2486b9646cf6f7a4ea8f0cfa8dfb961f9d6bb,138,No
0xa7d68854ad6177dcd2195ffe5530f390bbc08bfa,512,No
0xfc16b6fca8142dc58c8f2b61e40ee13960d3f0c6,9134.06746070659,No
0xec38623945f6dd0e921357c354d5b589b6138e7d,274,No
0x79926e8bcce923473ec81c047e71b749459c22f7,263,No
0x1e8ee48d0621289297693fc98914da2efdce1477,2203.60921769228,No
0xac714981b5db2612768e11f30d8d3bba069242d2,238,No
0xc320e4ef78095f9ed0a44f457b2c47f57c2b8bda,5580.25363286945,No
0xb8d7b045d299c9c356bc5ee4fe2dddc8a31280a5,512,No
0xa07e39871230d20bb6b2d36636aa3d837eae0f64,238,No
0x47c932e74d1bcc4614707640d4abdcf4ac88572b,476,No
0xc6332911952b609f95d71d4186c5da3e9415a3c7,38,No
0xc576a1f2fe5c138cee582439ce87d6c9af2d5861,1225,No
0x7eb9d67f9daea510399a1ee978b36e66626058d3,238,No
0x81e5cd19323ce7f6b36c9511fbc98d477a188b13,512,No
0x445ccf43489774214fbca297e0dedc11eda3334c,238,No
0x03df15a2cd9ae9a866a5f70f3af9247eafe5e3c3,238,No
0x46fe1abde63feef2bc92bacd0af069c0f191420c,238,No
0x3333e1633d7cb0f4661b0c8d5fe4888263f02c7f,274,No
0x442361621cb03c92cd10455b08eb1b91602399c0,297,No
0xc9453716f3395dd8c2a0d07ad24a445d178559f1,297,No
0x13e823dfa1aa8869265600b229b74055c5c700f9,274,No
0x167f15a15a7985542dff950e57e6736b607aae85,238,No
0x5f86b149b2f2e51911e3cd719f34eba439d2da5a,238,No
0x363f725beb64d679f04213774f27cae4689b292c,1300,No
0xfcfdf5cf7573cb8467a5d371419b024005bc70b2,297,No
0xb7f4e738bb0b85ad1ecef26a2a733dc899da500e,297,No
0xfab9a3d37999e12252b47468d2ffd4be15936012,1939,No
0x848f11e9c468be9ef6bf5f1daa742e6adf25d7a7,274,No
0x3fa7a99f4746dfccb5d62e0ac9b8973e7a6d9acb,297,No
0xc6c3752bdab737b8cfa174e6ecfa620ec0cc162e,561.814234841649,No
0x7964f133d828eee2ed9f48f41bf2d867caafe902,238,No
0xfd50d4d48896e076a02bd5f7534df1244948eaae,238,No
0x5eace07a29bc2b85a87226f09466761ff04e0396,238,No
0xc4754f7da715aa37c7075d8400713378aaaf4f30,238,No
0x5ea7ea516720a8f59c9d245e2e98bca0b6df7441,476,No
0xbd076e704ec292d396ce663b085eb2809d397a37,300,No
0x92b7cbe2156b7f977757289442a3262c566be5d7,238,No
0x889b683a17942d093d796c815d32c253145fe87a,238,No
0x8017ff21bc4972d84a4dfff2141517daefd0c256,238,No
0xd374893f994f81e0aa555b21cf703ff6d8b51b03,476,No
0xc4ebaf58db97305f2058650a6067730722c17279,4.30525412236465,No
0xcd815b9302bc6a828294ce6aa7c353b206997a4e,238,No
0x92bd2ecd7a05a6e805a17b6aeb672180910c8044,238,No
0x602d2a713ece658a76989f4ced1bd6179544e7aa,238,No
0xe38d978e500242e5e6df46be5dc1bd47cb06555f,750,No
0xfb168f66557077f93c35bf42c549bd4fb9f448fb,238,No
0x5a6e40b29bf20e4f60e7becb571af5ad5796a3c4,238,No
0x00000000005dbcb0d0513fcda746382fe8a53468,238,No
0x41be8a84e4465b9318bb4d9f9d7702b1c33d9578,238,No
0xc8a8de25a446c3a6e96bb327c916b125ed151d4a,238,No
0x37f146abbda35fbe002a5881f01de58af1171ad3,238,No
0x532fe58350c12ecba2f571cb9aa8f8104d8e5a11,274,No
0x0f4c233ad6680910480af94b07704d05914af4ac,714,No
0x4d5319c183af8b853f9543eb501e4e5a7b693b6f,238,No
0x99902368387ae8da8c9c7840af140a3bf1c31bea,512,No
0x39e2a1128a2a6a756c7c8ed501ff586a883c875d,512,No
0x9322c6ccbce9fcc9bdc45fe2830704907330454d,512,No
0xc84fd9570231e20e59fba328d61e1bc4bcbab39a,1,No
0x985c0a74b9783022e4ad5c75279d2acab9dae96d,512,No
0xdbf14da8949d157b57acb79f6eee62412b210900,512,No
0x10dc3243e53732849330b595b986be267d2f2649,238,No
0xb5905dbe33bb3193ed25dbe86c9436981e7cf54c,238,No
0x4e6524146d6ac59707ed1d5473ac2fd2a59131b4,238,No
0xaabfb2c7604a6cf7fb390bfcd078a2bdafb70d90,750,No
0x0d83f85476dd883a46c4a1b91bba24a037fb727a,238,No
0xd32cf8ca8c2c1e21175c7cb731615a7ea9578e12,297,No
0x8bf03086eda24dbe2a73964017c8d9cd592de5d0,100,No
0x3c37ba9bd5e8ae62b0113da1d3a2351b42f78b57,238,No
0x60446978dfbd2aa78172fce6482829df4a70378e,238,No
0x6235b062ff84a97fc4e3dc0949de913226e34f76,238,No
0xe4f0fdfa60d26cbb5cf67610aacf220c1e51394e,238,No
0xc4b000efc4c5622aa43065190bbf4b3ae133fd3f,238,No
0xfacef700458d4fc9746f7f3e0d37b462711ff09e,1463,No
0x2612b77e5ee1b5feeddd5ec08731749bc2217f54,1,No
0xe30c31ad72e8d5b23f64274a330cbfa40e0895ab,476,No
0x244291d3f74380d7cd10b861622aff1216fc2697,238,No
0x5538793f0ed24fd4ea2fcd5225a40995a8f5ac3a,238,No
0xddaac482530e2d5c31c19727c6721e192d539666,1000,No
0x02caa5c046d7b9c92e21caed72d887575adc01a9,238,No
0x79e4609ae325c4de65315c8359dab42f7300966b,267.249756386736,No
0xa289364347bfc1912ab672425abe593ec01ca56e,238,No
0xd89654f93314cc4f09a0fb0367cb6b7a711998cd,291,No
0xf4cd1141edc5d9dabde73470f52bb3037723c35e,274,No
0xc0158745da6f94ab9de9e2803fc10df6aaf225ac,476,No
0x0aa350fb487f75d4f5d6ed920a5ae0923ded06e1,238,No
0x8da02d597a2616e9ec0c82b2b8366b00d69da29a,950,No
0x5169a46cf0b99c0c1e8d078d3b9f9b6ed9a215ea,238,No
0x6af6d6b3fba247129c32544b53106ab3bb772902,238,No
0xa60fa325b5150444d0832a00b001d5085b9755aa,297,No
0xccac7ca73ac0b892bd99b144f8a2bf36fa9fb58d,238,No
0x4c5472116fe8fdc491428899aa7f3b2d8e631896,500,No
0xb53b0255895c4f9e3a185e484e5b674bccfbc076,476,No
0xce019615de2326d0218fdb80e4ed03c1a06fb82a,297,No
0x0bb44da1a16b44956b2523b23667989c23c0195a,476,No
0x1426fbd146942e153653863cbe633780c17268da,138,No
0x147d6e702572552c17713382bee082fa545fed54,73.9041878998334,No
0x8e4bdd156e4dd802dd919f4fd2645681ce99a538,238,No
0x3dcb8273c23296654a4f372e8f8184ab2fc60fb0,274,No
0x4f4e6d961e92c479a159a434b155c89f37c79984,1,No
0xa96a0545fb49a64d3fcd24945dfda401ad2dc05c,1,No
0xe340b00b6b622c136ffa5cff130ec8edcddcb39d,304.089850091812,No
0x14f41a278ec4bf579c7b40a0cfadd770ae5f2bbc,297,No
0x942cbea64876ff0b2e23c0712b37dc0091804e9c,952.763197451461,No
0x9d4f5de4367870a599b086ff2d7789544a85b6d7,238,No
0x937d36cad73587447221fad6ebc940e90c7ef981,274,No
0x317ee88f1b78182c4514371bcbf1488b176fcc5a,714,No
0xdebc094993a95b467691be9fe9d94368ede41c02,274,No
0x1a976b36a7e027e40f43ce472dfda5ce195204ca,274,No
0x1dd51528ca5b61a3f74153ef8006e3ce600f6649,297,No
0xef6103de90208f3dface661eadb120cf8075f9d2,238,No
0x8325aff2ccc014468cdf20f2538d8534db7a100f,238,No
0xe78bcb254e84231164b8845ac5d01e55541c8ab5,274,No
0xd78aecf39ae9b2b6c903b025558d26f77d8e6ed5,8,No
0xf3fb5340440c603d86a01ff03a85e79d9073904d,274,No
0x65975c96debf1806f4eb9e216ad73dd12728d6a0,238,No
0x40e0a9f4028089fb22a9b55e376db3ca5897fdb8,5,No
0x7e2ae811d8dd76ec6503c6e5e430b52b12940478,88,No
0xe68967c95f5a9bccfdd711a2cbc23ec958f147ef,238,No
0xd69274fa70062664571fd5ce772cdd03d685bce5,324,No
0x7f11c94103debc7eb22cf4163409ffb167abebb2,274,No
0xd7a9fe9ac784bcd6f2b516e96a98f135cbb74f54,4742.25450017767,No
0xe622c4ba1c244aac12cc33fe97994fa8d1f6d33d,1000,No
0x2e1bbb7c78a5a534df2442909ab14ce370431e76,602.147354725779,No
0x67fd71f7d4004d67ccec7a7e24f5a222be57e29c,297,No
0xe31ca893b9e7d221eec832416372a851ba5b0071,238,No
0xf07b7e62267efc80ab11942adb6e0601770aeea5,238,No
0xbeacd37fcc32b24026808e83ef6291d461414509,534.987734079507,No
0x4dc544f64132ea4c5dd1be2dd40a21f19b8b0ee7,238,No
0x5a803cd039d7c427ad01875990f76886cc574339,238,No
0x940476d877c2dbcc055d315707758860431494b0,238,No
0xb3e08599ac57666be68dbb3d311b9c607900a83b,476,No
0x0481ac68cc3cb70f71c537c9cc14a6ddc29881b1,714,No
0x577b98e1022c12e8fa105734ec667da65507d6de,274,No
0x5d7f92c45c2b6a1711a0a1a7b7f6608437d17e76,512,No
0x06899b851e0cc9b1e9348c0e985e6c5454bbd889,100,No
0x27519045e74b0a5696d48a1dd5dc12d07dc52cf9,13,No
0x36212126d4ec09b36bee035b151655a05ae5b6d8,121,No
0x1b3cd68b2fcea1e02b12bfcb83c7f167df55283c,274,No
0x9ac9c636404c8d46d9eb966d7179983ba5a3941a,238,No
0x5d1889964fcb794c3f66e7d33b11daf00c552004,274,No
0xa577edbd1413f070733602d2baf78a4861c5d8d0,101.950387706457,No
0x78f6c325c01a9769861579c5f7afd974d5b5bc25,2,No
0x68a68ab4db20dbba42cb00a6253d7f8656a1cfe2,476,No
0xcf6f678ca78fa1bdde53d8059f969ea3ed46314d,236,No
0xe13d4abee4b304b67c52a56871141cad1b833aa7,500,No
0x72adc8ba1b5a00636677d24e4d97cea25f87f61a,238,No
0x000000109781b8fe1eeec8fb4507aa64bfca5914,100,No
0xf28c2873ce5d8bdf5798b977b9d87d3c86d80a61,79,No
0xa21df89c3f7375ebe7381cc858e0aa0b7c83aee0,238,No
0x0b193945cf022c8965f5e1b9f9888ed2594e000d,238,No
0x2e465ddca6d2c6c81ce6f260ab13148d43e93371,238,No
0x0230c6dd5db1d3f871386a3ce1a5a836b2590044,238,No
0x0ffc6b695b04faa71d8eda519255b9facf2caf73,238,No
0x9303ea8ddaf762a3a1f9a8c82c4f16fb70733ac3,297,No
0xd30f2888e7928b52ea5bf4cb1d323e0531afe272,297,No
0xec7fd5c2e04332d8b7467d01ff7d72cdbc9fceae,238,No
0xd7be5692548d971eb47dd7705df2998a87a2c86d,297,No
0x7eb97437fdfa3e42c13eb36f2d61e2d12fd3ab02,476,No
0xd3a0256f03cece67a1b516add7fb6757b0c9ef60,238,No
0x7cf587ca8f0c5b903d6667e97ee17a0802279070,238,No
0x339dd90e14ec35d2f74ffea7495c2fb0150af2ba,238,No
0x9b14844dadf1695cdf71b32757ab44ac253d68b4,238,No
0xefb77b2467e23f0041c96b43af64af365081ceb4,238,No
0xddd5d0c02ada9b4c0a1a2b3762ae1200528b3167,297,No
0xc65ebcf5ce433f7e7dbfdbc98aa948dd5bd381b8,238,No
0x09bb6b6a179a8513cb709c256e386e781520b58a,238,No
0xc5d5c20ee7ec75292fc58c44972120d403e0decf,84483.1926278608,No
0x575c3a99429352eda66661fc3857b9f83f58a73f,1E-18,No
0x52544e5a0c02925eaf874fc539b7717619de0825,51099.1928993624,No
0x7f2715e01e1bad35386018343dab6dd343b9d2f1,1021.70908495132,No
0x8a8ea94f6e6fb36a863f63735ee7d1b5f03ea816,13646.0793406141,No
0x4806688dfccea461b645f08b9cd2f695999276f4,1350,No
0x006c1cd08ff57894ab0ff7b606d9c5321be92848,1,No
0xa34fbc6bb017cd320833d74547fc639ecf39c12b,300.580225119434,No
0x71c7656ec7ab88b098defb751b7401b5f6d8976f,500,No
0xbd9425dd654dbb1e1804430df5723c279a0a86b7,6500.04604492025,No
0xa4bea1d5adff817a7425c3d19ed78eaf5f0f11ad,0.000575335339954183,No
0x563e8cb3055a3cc0502dc6d603f6dad21e1438ea,2000,No
0x316e7586a688ff9f91f6a42c5dbb66e77d985166,82,No
0x058b78dd16cfd9f3c83be1860aef13ab11821302,1215,No
0xf339df30ce5d9ec292dc9cd9e7851d56f174730f,238,No
0x000000000000084e91743124a982076c59f10084,1E-18,No
0x000000005736775feb0c8568e7dee77222a26880,1.8E-17,No
0x0000000000007f150bd6f54c40a34d7c3d5e9f56,1E-18,No
0x2c43ca5d343ce7143d292c4c3ea7c2e2ab2c8d9e,50,No
0xc9380801310ac3f9c489726f6ea0f2a955b1c148,50,No
0x4d00af255c2886da69287c6fadf059ac874e1933,240.39671228838,No
0xcbcd95fac12d34513c750c0bdfe5d43b906cd833,425.32148637975,No
0x6e7e44b5f21ee570534963181c8265afc4565d66,22.1999915489491,No
0xe8256119a8621a6ba3c42e807b261840bde77944,3565.54261904007,No
0xe523d8864624c57ad3931f28a908e3011d8f2809,87.0358002250591,No
0x88d00fbce10e8ec248f3927c7584c2cf0a2ee44f,4.43346472885766,No
0x1002d745cd9cfb6d70d19ba26650884feab909fa,1,No
0x85f4732d67a27cad1e31ac266c81e6cbecd47c13,1000,No
0x75d4bdbf6593ed463e9625694272a0ff9a6d346f,1,No
0x2bd5d2e3d5852ad9960638083cb7c9f493e7a597,2800,No
0xe53418b2c4faf9d0d5f681de5565938f0f5a26f3,50,No
0xff73d2a5f34f366ca71f6d438e720bf5b2c95424,94.9251003268401,No
0xd9907cd11d99d21b431fc0a4ef513f3823142b0d,802.853737640729,No
0xa8672c3cef0dce305102f20ac820c921c91ff7e2,6.8866893314639E-05,No
0x222cd1f21ea64dece49e39494fd3dbdfdc7617de,275,No
0xeac7fc039b337753bda03112e6dc5c2429475f84,238,No
0x6f1b12a415e035eebdc8559130ea8bdb96add48c,1000.42868107766,No
0x81082be69afc33ef3a08e904804ce4c8dfff5e07,15,No
0x2635c36683f331497ae3f4b79408785206e77483,18,No
0x09d5e31baf4e3a5aa67754e3df877ee189933625,18,No
0x148bb53f3759b4664ac41a9a4d1be52746f1565e,18,No
0xbaf68a4891f667971eca215b9b8c418aea1b2c5a,18,No
0xb4d7a7f84090e433e982b78aba3ecf51555e34a7,18,No
0x91a7ebf9064c9089610aa5532244ebfc62fd7090,18,No
0x353257c867ff0e42949fcbf11a11929020ed89d8,18,No
0xc9e303802246e2d1d60ee76d26bc20e566741acc,18,No
0xe7c9a9dd627658afa050c96657d57657d5b42b25,18,No
0x5625fa80dcf91a775abed35cb008b1ba6ca073ab,18,No
0x71edd3f2bdb0585eac6386cb7677e0e9750bb35a,15,No
0xb74359177020e9ff919516b7ebba84395da3fb6e,15,No
0x4f90558065dc93e8909cd37057e421583a2ad99e,15,No
0xad68d58677eb8392a8be8b5fd38ab43051c5e754,15,No
0x4f7b3a647f220e0ca9d3583183fbee29942172c9,15,No
0x9f138dff71dc37b4d9349f66ec08ba1d577237c6,15,No
0x3b276504979f3f845e66d2e6ba16eb3b452640a1,15,No
0x130c63cf1219f44735b2ca42d9a19c04afe3c369,15,No
0x3a90392061604fd9100c9d83e4bee2e5a77c805e,15,No
0xc6c6917d875e8dda6af3eacaccf8a8fb6571f022,5,No
0x2ce58e74b558aa5b9fa9e394c972f3713a13d774,5,No
0x60df473da2698f6571404e4c13c76fa5482b7b21,5,No
0x909dfcb5c6d120492e9b2796fb4b7bc727ff025c,5,No
0xaa8cd104a356843d8d4d5f79ac92b1636eb59983,5,No
0x0cf41ff8a42dfbe047a9bfe6c84e8721dc9f7ad1,5,No
0xc93547df9ecaa12cfb49ea814d3192517afdc53e,5,No
0x29edd5591da89e43377ff9b8078249064d4784d3,5,No
0x0b0c2ad1c79121aef2d836538190beffd5a98b40,5,No
0xe19b56e2d949b1670ddf6737c0adb65dcfedb12c,5,No
0x99b7bbe8c39dac8eb68dc066b72a6e5a5dd84d30,10,No
0x4a64c52715ec10172ebaade3f718e41cac91d169,20,No
0x6c2b7d937190f43639729a0f703a06f6865e55a0,20,No
0x489cc1dad0e18986242095f50728703631b20ec9,20,No
0x8e7f81ad52a367366bddbd10dbf9a895fbd45e2d,20,No
0x1e5f42fc795a18ef8d9da6c10bd9ac613f84b192,20,No
0x3a056515d2f7ebc8e0dda52d2d5ce2c844fc07ad,20,No
0x41cc8ae4279618ba56c3b5fc7c187d2e859f92b3,20,No
0x8921de7bbf11778106ef6b79cae3362432920561,20,No
0x1add18a1643caf074711e40b2afaf73354d1f743,12,No
0x45ad2069b2c75958a299a0394ff582f0afe43fa9,12,No
0x89cd22ee146b51b9148a78588e1973bca7db6c7a,12,No
0xe6da5cbc49d095c300002c3648b32ae7f6fecc43,12,No
0x7852199a0e5eac9b340bb018be1249052335715b,12,No
0x69b4080950716b9ad62d0b8cbc015ab59a136203,12,No
0xa71bd304d2f79d469471fdf140551755d037bf04,12,No
0x116ea3747c124f2920e12164c236f61f58c3f80b,12,No
0x4e5168bdf63a4ba8a52d07dd12ad9765ca987d9a,12,No
0x0405ecd9bb457c7d71589fd3e90eb4d347d75f6a,12,No
0x34d61ae07b1f5dfde3eb65f7f6ab827c54a545e3,3291.5825520735,No
0x34eb8e3a0b392f3d6961e45d2afce2bf0b9bea3d,5,No
0x3e51e6b9cfc25c34afbc6157682357ed07dc90f7,7.49236874041379,No
0x80ac10d8c47e70629c659881d2bd4a564b07b204,164.484856329289,No
0xd920960333695de5db244bfff25d3ed1fa2e93f1,103.298759828166,No
0xa2f0448f346ce50b9029506c88dfa58d07baf880,2154.02001361207,No
0x2150cb38ee362bceac3d4a2704a82eeed02e93ec,500,No
0xbd5224f66d5ce49a8afefc14a76248d158d14c6f,5000,No
0x00000000003b3cc22af3ae1eac0440bcee416b40,1E-18,No
0xa1c0c60330cc521ca4c5deadfe145822559bdf0a,501.788707733452,No
0x208e3ed55144371f318824a48f8e9d68fa38b9c0,1045.63601673173,No
0x231d0e64d6f595da94330200ff452e402a2131cd,0.646223657517488,No
0x4a40eb870dcf533d4dc097c3d87aafe9f64490a1,5,No
0x51448923d8a215a5a8cd872a51f22c2f5c43b444,6121.56340605856,No
0x70530d63e944701dd9869be5ced5e754a60b3a52,5015.29674989968,No
0xd3c1f8fadf1e43f740f9d9f83c8a9caa49b88e10,1225,No
0x00000000b7ca7e12dcc72290d1fe47b2ef14c607,9E-18,No
0x000000000035b5e5ad9019092c665357240f594e,1E-17,No
0xd61dbd8ad20de957a7ff9ad4be0782f335cdb688,50238,No
0xfbdf598db4dba841f40680cd9c2d3cf618265be0,1156.41013163751,No
0xf0cad7c8b383f79a879eb6df644e336234ebdac8,21922.239020097,No
0xe46eafafb60af2eea3a59768106a9342aec59ec3,569.131673984891,No
0xb4c84277e8750c165460ebb5915a8f0aff8adb29,24.0484147012365,No
0xf1f71e1d74f29f12e518161a50337da17af750a6,512,No
0xbd4eb0295468c80725017f74113f5aebbd6e8d12,1301.31638331833,No
0x6e0fc44cce1b49323185138217649b5e8996a159,500,No
0xae9db1ff69cfca2720ff2e5d81807d7383138a39,14006.2840798949,No
0xe3343a0cfaad1756a406737c8c3f558c6eca353d,1000,No
0x350bfbe87efe959c01aa3bf35331dd2e6276b096,1000,No
0x403316bb7c38dddceaa0119c61362cb8c8bf81d2,297,No
0xf6b6f07862a02c85628b3a9688beae07fea9c863,1000,No
0x8038629ae247aaa7fc7bc8586ca8faa7fa1520d1,3018.4798360213,No
0x70ece45cdc64a768f936ccb8ac851578251363e3,6073.96890893819,No
0xa4142a998eed156228b2f925a43fcea25f363cc5,1678.00089422918,No
0x2125e5963f17643461be3067ba75c62dac9f3d4a,400,No
0x8f903cfc0af3c2ec0d872c57538af5e071544a57,400,No
0x61c4770243d8a12eac22addfc986506173b3cf44,250,No
0x30b4a5477314e3fbd0c22d6afcd71eecf4d9d22f,25,No
0xd61daebc28274d1feaaf51f11179cd264e4105fb,25,No
0x164054859641a56bf767713f983777ab1278cac4,50,No
0x2b6247079ddd8e81b34093e911284253bd455ef6,50,No
0x3989afe112613d8b3f78c16ccab8c8defc682a52,25,No
0x9492510bbcb93b6992d8b7bb67888558e12dcac4,25,No
0xd04414336cd5858232540385dec7519abc3b06c6,25,No
0x2484aa082ecf3d04664ac3911bcdcaf5b58c03b7,75,No
0x512fce9b07ce64590849115ee6b32fd40ec0f5f3,25,No
0xcc6b087f829ee993b878570e2c8a49b10d3e8920,25,No
0xf4108da79620681a9733dd0b62e275c5ec38ed44,25,No
0x2f39e15125e8c6546a62038b910814a20bd85f79,25,No
0xbe40dcadb6bf4de1c7810eca3504e5f3bea9cf35,9117.00650256432,No
0x45c7811c459a43d0c17ef18f33a2c8921ac4ecf8,25,No
0xe75304fe5bb590b6dea3ca13a8abab257c12e753,25,No
0x4cca9821c246acd39a42f34e6ae4e520a8224565,25,No
0x35238ecc1ef4507a871a153655684392d06f7e87,25,No
0xd92693c39d3231b96379b636c3bbc9bb73969343,25,No
0x497d32a3f4e9a4aced0a485c905a167b0517fe0d,50,No
0x320562f05baeeed8aa76a0110008bf0c8c156a8f,25,No
0xfbc56be13c23c18b6864d062e413da3c7e0f74fb,25,No
0x2e44f49552c0c8e93f60318520760f619c03615f,225,No
0x606b0374fc628de81de7399581419930080a708f,25,No
0x3ddc27ee1dc4af2f01201fa1c8f834815b5ff2bc,25,No
0x6370ded08b2cb8588c27e4dfd16ee427b2491ab3,50,No
0x7c6cc4fc9f054f851aa9ae3577087f00e017db5a,25,No
0x631a44f635c8ff85848324be5f8f5acbed0b9ce5,50,No
0x655efe6eb2021b8cefe22794d90293aec37bb325,25,No
0xde51a3ca7c6493ce00e6bff1830af32e8bebafe9,25,No
0x4d3c53d5d9544b35f06e6b91d0856bb55039fce1,25,No
0x656e987b538f69f4533f2241cad12427501bb0e4,25,No
0x735601ddddb8d73974cba787b755452c30cc435e,50,No
0x38fd3f68e2bed8201a64eded9d68a1e19c67dc32,25,No
0xff103151ade160e2277f43f7838c4c7fdaf44829,25,No
0x8b257b97c0e07e527b073b6513ba8ea659279b61,25,No
0x927f115e4f1e1cc7d77aa5fd5049e49e91f2649f,25,No
0xa58d2aea4072463863bbe343ed3c244069ba700f,25,No
0x8219475060fd581b737f02a5f911d0ceb8375df8,25,No
0x3e099af007cab8233d44782d8e6fe80fecdc321e,25,No
0x30db01087febd7b67dc486812b322b4867cb8ca7,25,No
0x3da59eb9185b88b06e3a4f71c6481cbfc97830b3,225,No
0xe1f7dd1bde1bd8004c5ded542be13579662fd459,25,No
0x1daa36ce317b704b2a26c02af90a02aa572dc49a,25,No
0x0144ebbd9520b6f873637e5f9bc6448f0acb9cb0,50,No
0xc1fdb60cfb2fbbd6edc9b445d9b508da2dbf2c9b,25,No
0x927e8235fff0d9accc846de9973e697b100da0a1,25,No
0x6beaa0844013cb0376861d50b39e511d156e8b0e,25,No
0x6f04064808cc4fe0a57e376976eeefcbcb201ba7,200,No
0xcea70a987102b46515ed2f889ae9a39db04de57e,200,No
0x11b4e83bc3e9605f03e2a4c34bd09567be5aebbe,200,No
0xc5f1934250558ec8dd6b7352603508336c5d9ed6,200,No
0x9d2e54dfae6a4344c9a9db96b19b013feb88bbe6,200,No
0x9994832a4980bcd500b44ceacba77efe5226304a,200,No
0xc7d47d741007f1f4488b4ce23ec0b0ffa592f680,200,No
0x46301f7e700be9cffce3e5e142a2244df3f2d4f2,200,No
0x71cc25e270560ab31d5d2e15e5bf896ebfc4a640,200,No
0x14edc14b3886b2c8068bdef3fb8c05bf07a21c2c,200,No
0xf94455064dfc1bd53de14fed27637b46da39d917,200,No
0x3cf08d6a9436a1798c18d24a70f5ad0bea31775e,200,No
0x02be804f3f2ce77bc981c544373d11a0668b6a31,908.973679948316,No
0x4ceec332c36add621857c1e68e8957db21dc865d,200,No
0xd0bd27c7bcbd0ce9310271989f0f2640c143542f,200,No
0x7efbdd57601b9d5e98fb325f32626ff90aabc110,200,No
0xf69989ec8a4d6c61fe703607a5980b7f35dc72f3,3515.0353934503,No
0x0d55e988161e80c94322fa5833602e92baeb129f,1.729838339912E-06,No
0x74667801993b457b8ccf19d03bbbaa52b7fff43b,1009.45132317763,No
0xe5bfab544eca83849c53464f85b7164375bdaac1,550,No
0x7806433c2f3069599fa8b0f27980dc54aa441b9b,5465.576714466,No
0x5546910da4ade8e9ecc5c4025d07c3e2e4dbd653,1000,No
0x5559f6ce83e89149cc925e0cd51232c83f12a0c5,325.000098540093,No
0x49087eb6f9529eb02a508fb820d7b4d0b52e4881,67.0591248138421,No
0x0ce4d50d8c94f66f04a6f32b3fc7b48eb34fed7f,49.5089493227998,No
0xfe1b81c7bd801d1190aaa82ffaad85eee5413040,10,No
0x9bcdc7db2f57b0f960a737ccc29373a9bc760134,3038.13380807547,No
0x9bbb55e271b1b5fc4833bdd88b753f889539de0f,15.8063842773458,No
0x27e121bfb21f631496ad5b9783d049facbdd411e,503.176754928319,No
0x2afcd4cea303fad644cfc30204b04b1a1395de0b,5,No
0x388e07d4fc7f3e2c825e6cb1ff46447764798b24,101,No
0xc139dc8c169dd42b3cd9ece05f2b6750bae2ef5b,3922.14856985971,No
0x0000000000d41c96294ccdac8612bdfe29c641af,2E-18,No
0xc82e6cf45dcd261d556d9dfa0362538315c9ac92,10005.5523569385,No
0x33e96eb658bcf4858fe60dd0ca170b2d54411358,25.1234353267301,No
0xd9ce0bb6f86f71eff83901367aefc0d1d9ef9905,223.107521450838,No
0xcba0e94b4449a56974d67382328acf562fe9c1bd,1004.40995111328,No
0x9b6568d72a6f6269049fac3998d1fadf1e6263cc,1000,No
0x84d1e52a5c2871d72ec2d190e14d19a065c98726,1500.00002397001,No
0x88a80e7918e4eeb90f51d63bab8eb6eab90ae59c,2470.57535627027,No
0xe03ec7c250d8cf5d96ce0ca0293d974abe3847d3,3857.71276751955,No
0xb9557960d25a22288c1581d86d3f5e61209d6176,7000,No
0x27a1c13bd83993dcc385f1c92d110ab2a748b7b4,868.011296283098,No
0xc02c6577c2172f420d6aedcb2e65591270f1e804,766.901079836683,No
0x1b509e32969aec1db1e1935ad10e91e60626fde9,1908.53970741492,No
0x71df7c98f02d4554b8a3077bc17513a94649eadd,1,No
0x66f049111958809841bbe4b81c034da2d953aa0c,5E-18,No
0x58ef4e0d72f3de64389b3a4625b623316e864046,1913.4586702392,No
0xd57a73504ad3c278b7e8833ca4d48accba6550f9,4446.3514807643,No
0x2206445d241ccb7dae93b2d2acfc67f75b90fd76,200,No
0x28679a1a632125fbbf7a68d850e50623194a709e,1001,No
0x310cb8e87ae277133e6d5c17670bbd60ffa19e35,1024.02422209823,No
0x8f4d6ce7febfeccea7144769549a698cc8dbabad,5.6370469374141E-05,No
0xa476373118b6a0002b35ef44267e1c5df241b01c,1005.11110486587,No
0x8940866a6d3ceb7225853133a86a45692a2f42c5,1600.14711279306,No
0x2336ee0447b55103e8c01cfca82067445d8fa571,5.75038624356038,No
0x94aaf5ceb457057ac4d1588257988d487272984f,1000,No
0x2aab993e1b1b23f513f4b7e4b761ff31ad63548f,365.799672506422,No
0xe4067ed66738dbdc7b8917703c8c380d898033f8,1663.34121859097,No
0xc0241e384db48c35e7b3feded3bfecd29a3e73e3,910,No
0xf35880094dc18df096891e4ccb51212d00311b86,250,No
0xd77e1430081b27b9bd591fa9f6daa8b1787c8eec,859,No
0xf2f3d01b47c21a2339f3a508531da76a9380dcd7,200,No
0xbd19a3f0a9cace18513a1e2863d648d13975cb30,200,No
0xddc674c29f2b34fc2338b719c0ae711b063eeadb,200,No
0x8d90370e153499193caff8249bfc75d9e5bd5a45,200,No
0x540615ace7036247dc4c4b221384e09ad0229d1f,100,No
0x286ca7aace3afa06d0d25b0ea9311f6b2890e9be,200,No
0xf6aafb44bc183d3083bfae12d743d947ca376562,200,No
0xd5481575130a7decf4503c81a50152b3753031f9,1218.91207167666,No
0xb15f50e5ad35f29bf52601d6629b3de44a3b922e,200,No
0xc5fa4f262a140b29b76cd3835b112ac0ac49a6c2,200,No
0x231557d79f2320a46cc61d97070a7d64664ed2df,200,No
0xaaa1d204d78de81a6eff5264928a6b49ee748050,200,No
0x8f02b07bcf350f8d390197a7eb90bd4ef0222f12,200,No
0x931292c42a5f600e80d75b7c7743f0164240882c,14.2768545896023,No
0xb572822cc2bc97dfb880320b5114f24131df5fdd,588.12287422311,No
0x94ea1fc190f440e8e109ca1ae8540a4efa1dcec5,120,No
0x8c913aec7443fe2018639133398955e0e17fb0c1,200,No
0xe62d071ea99a63798fec7222c483c53e87f2a32e,1201.52574883298,No
0x55ba34d4f0283d1ad0d09502a5b8c1b8886ee724,200,No
0xacc89b21449b6cbb5101d5267f730c25e02e2409,200,No
0xe0cbfb10f5772c6ab06ea6db8685b4f41f938146,200,No
0xd56e3e325133efed6b1687c88571b8a91e517ab0,200,No
0xd1e2d02e6faab6527bf10692b831786e680e3b8c,200,No
0x2e3a2a05edcfab30b7f57c0289fe7d342e0b3b1c,200,No
0xf1708bccf4ce044699ea2ecafc2ff0c5139bdbc3,200,No
0xbc62985faabed27a8f174cbd5ea1ee7b1ed8fc12,200,No
0xc3d3f90e2210bbe23690e32b80a81745eb4db807,200,No
0x48acaf117925425c572603eeefee48f6b2181dfd,1010.56310661643,No
0x986204cc94428354885e237d87dc0ff9836dfc89,200,No
0xbcc506e7846f68f1636591c52703db0db812315d,200,No
0xea26ed399096787c2abe36e0ac3e054f4d2555ab,200,No
0xb8c3bb9d19136d3c19c1a967beb19648869861b2,400,No
0x795cf8ddc20bbb4cfc7eeba127434e1c3cdda92e,200,No
0xef58304e292fbaeacfdec25b67b3438031fde313,200,No
0x146c8271493ba3b2660e8686a037feaad35e4fb7,200,No
0xdfdf2d882d9ebce6c7eac3da9ab66cbfda263781,600,No
0xa20416801ac2eacf2372e825b4a90ef52490c2bb,200,No
0x2affba838d35038c203a00755119978183de7b8f,15.2033703741716,No
0x8f643ee0011871df27c64efce1aa3f78d6e4d166,200,No
0x617cb4921071e73d0c41b5354f5246f12518745e,200,No
0x8af6ec0cdc9b4bf2a489cf6db7ecd961df3c00b8,994,No
0x4881020fd9e524877aae49f7007a4efbd9a2c71d,200,No
0xfb4974917850d9d82d812dd49221eb0b4c2f240e,2140.32396731858,No
0xda569dfdb06d72526246de8b0c44b0d9934cdcb5,308.392257457614,No
0xce538929975c2bdfec9ea0521684c64b2339859a,372.750964482218,No
0x46ac0c9c530dc960a4df75b20b594fba243e5b7c,135.430517843444,No
0xa71a26e1fc729c2ffa30045cc95c955a476b75d0,287.851358143967,No
0x6a26afb01ff57e827079658238858d55774ca2d5,1000,No
0x3ece3e2b1dea3e1fe3cd0df2cd4e6fee32a3b69d,1.3265434751826E-05,No
0x60e8b62c7da32ff62fcd4ab934b75d2d28fe7501,1441.77844021943,No
0xc3a2533988cfbc268c161b92f90ef8147de924a5,3010.54276649359,No
0x66ed3f0dc9e3678315d3232f3be7d9390a0904e6,587.20013221256,No
0xd4e171627383544c67ca90f5b4f77a784536b280,1335.88025026447,No
0xc46c70ef6dc410dfd5e45a20759cb83ff2612228,1307.51079341283,No
0x940e4d88158f5ea1610c93c11354a9c9f7f00988,200,No
0x81b2a91ec65540a879dcd1c9da56ad7d036b8b1a,779.371722432607,No
0x887c3599c4826f7b3cde82003b894430f27d5b92,1273.73875714468,No
0xfbacf517a8523a41c75c189fb9fce7b536030e1a,9769.0000843751,No
0x2f9a965c28c19ec71fb1cf06d8e58d590a51adcc,190.843474276775,No
0x78570621330b2a22b65fe4b32963c9646589dae7,32.2116457482319,No
0xd23c95145bcfd53d184919b2bcec125a83128fc2,169.794035953314,No
0x8ec94086a724cbec4d37097b8792ce99cadcd520,1000,No
0xb8e60125b0bf24072f8941980be4732259a6721c,1000,No
0x9008d19f58aabd9ed0d60971565aa8510560ab41,408.6777919583,No
0x206b0526f4866e7580780015cbacbb4a8dbb8c80,681.489859668782,No
0x92ad4227d8e68da513da0933239af6d089d4daae,87.2921320877771,No
0xd20f15b3e681de00d22189e6cdf2300c7c1b4b01,1000,No
0xbcc7f6355bc08f6b7d3a41322ce4627118314763,2E-18,No
0x2e042d3b050aa6c6b048e91460fab38cfeaced97,213.734289026432,No
0x000000000000294a0d3b43ec78199a84587ae012,8E-18,No
0xe34c78cd1018a19fb6d1d1bf2db5600b454ff514,1000.66888543431,No
0x06d95b328761a062fd200729e1c868147004ba44,160,No
0x4f8c2d5397262653cd8956cb977a0ba3660210c7,28.0925320305599,No
0x8df737904ab678b99717ef553b4efda6e3f94589,5,No
0x894aa5f1e45454677a8560dde3b45cb5c427ef92,5,No
0xa3419664e7c2545ec339267bc13c5b46c4acac2e,5,No
0xb0fb2ceba0486f616758670dae5fb10b2b92ddf2,1788.69153323719,No
0x75815910c48958bef2cd2a880e21206e765579a8,51.3898659141772,No
0x4cb349ba7c88cf5d44eef24c21a1ac11338923ff,202.424906082248,No
0x184e2bc2087b97e59b6205150832471f1da99223,4807.59112532395,No
0xa08c89e594a4941640c6667a38ee207a693dae8d,50,No
0xb2dbe0bfd48558941d8f81c0c658181ebb5fe8e3,11818.8848624369,No
0x20f9e5a17b00350f1eaf9ad18bc5be0d54c0bc3f,1615.97890104116,No
0x29faceec357d9747fdc909908332007868cb0380,2745.30687893871,No
0x024a22a9d0b9f127d4eb121c7827188480e25455,15000.0060813077,No
0xfb6ad3e405be1bb11b0ab7d718ed1ae6cf0beb84,600,No
0x0f33efcb599ac67d6a4e3cdde7681ba5452dafe1,120.55010743482,No
0x56d9543289a69176aec68bb76eb762108098b2cf,77.9920084393968,No
0xf8ef2f73de4d254cab7d37e4e3f63d9919a85cc5,10710.1755666139,No
0xf9d298d6ca65e890a6b275675267db3575b8dde4,101.42971943909,No
0x5877af7fc64e26c695806e2fd7e083c8511e61f1,128.676584359478,No
0x8782b5913453b49bfeaa45194488ab09422c2d4c,25,No
0xafa6f9cdf40224c67bd37c0914bd0dc45baa5470,10207.051289376,No
0xaf0ee0621868e4fc3c4ec769febefa15c5dad6d6,4909.28668618725,No
0x5276ca25240a4da5da0d2d8dd2ff8a4a7b482119,189.544537848241,No
0x90a21256c93c34c7ad12c5cff51584f927b6d49f,9275.3473371566,No
0x6cc044b1f4685a1a518406e1eb2abe1dd058241c,450.183197396871,No
0x39e61d91805942f6e9f351ff2d6c6e05804334ee,23752.2596742969,No
0x0b8c527b763d6b14e20c4ac4acaec957273739d7,337.968773772922,No
0x0798540ee03a8c2e68cef19c56d1faa86271d5cf,35.3898561037367,No
0x22417af9bdc1c4c6411914ab7f699a448f0a11ec,1.5,No
0x382ffce2287252f930e1c8dc9328dac5bf282ba1,32.211826143026,No
0x272e6f394c4f83d56923646873bae4a41b703cd9,1560.97459360076,No
0xafd9ea5cea243eea8d8fdb7fe74b27f0e53a0be0,211.468118708907,No
0x0b1892f497b688b56c9781f97b0c200c5a163518,201.120987507623,No
0x0f9fa23209cb434b213fefd1c72a58408e216580,1004.92415160868,No
0xf743d5d7a70f8e77782ad25707aefcd7013b1598,1216.54408649724,No
0x117ed37553b04a29dca7e3bd3218e6d5fa5f590a,5221.28425132456,No
0x1d6e8bac6ea3730825bde4b005ed7b2b39a2932d,1E-18,No
0x6a8539b8be831eda4af243b314f397f0801c78d1,1270.60830656314,No
0xa57da90db3dacf70e7bca560d5071667e93ddfe8,67.5296499661342,No
0x0bc8d12449a90e6fb45c368278213123d88e91e8,204.416758361617,No
0xac87db3c6ab97485cd65ff203e64bb5898ce228e,62.2261669173342,No
0x28473085ba4aa761eb541914f50a75dd685cd47b,2846.49269910596,No
0x01b7baa7baa864fef3cd1c7bc118cc97cedcb33f,100,No
0x69ec014c15baf1c96620b6ba02a391ababb9c96b,13.7247006623884,No
0xd8d3d8ab22e30c5402ab2a2e216a4a53f4e09e9e,250,No
0xacc07bfa258dccefcc0abccfc8a623ad3f8da73b,90.1370089949587,No
0x731bb7a3c9532d4e44d86a89e7a8c8e6cae7503c,3.39349910237378,No
0x65e375e8529b31e91e67f00fcda1201d1889cc82,84.6538158033058,No
0x2bc493e6d7d1a2d22578c620fadacbc9c12546ba,236.920611474817,No
0xa284fdeaea675c0206519aef32f448b2cbfc6517,55.5268434889453,No
0x1de39e2be1b95df2cf43b20f7a50187581b73257,1322.23201740883,No
0xbd67285ea7e8efa60e0162e7b6ad6bfb57bd6f44,295.403181505621,No
0x67d6d023bbb32fdb697fdbe81f2e0c4b20665955,8.4840394886871E-05,No
0xc1a71d841492e57a9551123976ee1b1922fd2b5b,267.066202799549,No
0xa42c35e4cc6e6dc34d89b43874d2ee5e0b5d16db,687.471136054477,No
0xc30bca480544b118beb3779323b6fdb60edac61c,74.4176886629434,No
0x0049a1514829dcc51d778f487862482371289c7c,64.3162527771577,No
0x29fda15fd438bba43194b0ee50d5fe31662da9f2,38.2511620318189,No
0xaf3fbe8389eb7f8a9cf6c5f3c640085e0ed92c22,4461.55411491752,No
0xcd64ea583b52e9243c7973f1c79d81508d2180ba,154.60870208387,No
0x770c8bea5c294bd0862746a332a3dceff2432753,137.565345501912,No
0xeaebd9a346dedf48bc4cb4fdfe4aa4940a78d038,323.337483504612,No
0x8630bc7d452463e5d7f10b35744ca3ae69f05ca1,109.31680375241,No
0xd15572c345d829f927e83685a86f17b909c4860b,294.98328915839,No
0xe712a97cf081b8368e3a7f65da390c3731cfbb0c,130.774704537204,No
0x9bdc731b43ab7da692f8e556e3322d7ffdd6a549,179.472743991406,No
0x82217e3f00b2da7c0f614548915d64f8bb7d6ffa,5,No
0x232c412d3613d5915fc1ebf6eb8d14f11b6a260d,4358.04386552768,No
0x102adfbc97b4e209408ce5665a4a1ee140255c58,14,No
0xdebbad30dce4d46fe2f5da36a167a9f6f02811e2,25.6755892742938,No
0x8fc0620c1f2cf352727e56df8a895c6779095ef0,670.156483538961,No
0x0c3a6fbfd1c13260048fddca6c67dc0c39bd1453,135.787090915265,No
0xdd9f24efc84d93deef3c8745c837ab63e80abd27,0.0728969105691057,No
0x0ec63671bd81a3be3624796cb98f4df66e575d01,2288.46240705356,No
0xca2b5310a1f1d2607a288f0f7eefc76b49b7a94b,314,No
0x58a049263e0754cb51a63248c34ffe07e8434899,1017.91606973492,No
0xc7156586d7f93bbb293a261919c3d20ca3126050,1002.84762574665,No
0xd75135b26b1bc182266b2b22108cc3cef2c171d5,20,No
0xf00abd4334dd5cc0f3d663e0f965390aea69e906,15,No
0x6dd653fe18f5e2b04e3e6a507aabff563d4924cf,119.470623614694,No
0xcb6bf6645a5439d03c3d1c220be496b8ad38cc35,1283.38598248224,No
0xf6d3c2abf2390cf21467ead330b806d7eda056fb,7.4013089440018E-05,No
0x8d04f9f91b80a6b43a62d8ea3694c3c42a399dcf,815.135746948485,No
0x17a00b88ccd1b441877897d12d8ca8054f34eb91,56.1809343100994,No
0xb19390f7c03cf20b458dac701f14c043a2eb4176,1857.83156229519,No
0x4e672dafb5388dec42c3e6fbe2477af1bc0ecfce,2898.84228703927,No
0x3e6c6b6598e4a1eb3f83c2eb20ca097787b28f24,1110.75930678019,No
0xec920601a41973a80d27bf14a7d1c969969d15ef,30,No
0xbe7395d579cba0e3d7813334ff5e2d3cfe1311ba,3E-18,No
0x6de849c82f32bd1c13562208499aef4f981c45ca,7.2034693410118E-05,No
0xc28fae2ea6d97b3b082cb482d50912c78152cc76,9363.575,No
0x54f93b0615ad83d917899a0e42cd2b8c6418b813,25.2445577251019,No
0x5e5a770f1f629cefca74102c6e995b63be7d4a95,122.053826641136,No
0x58266baa7e3f96178778353855d2690a6721eceb,884.657429068782,No
0xe831c8903de820137c13681e78a5780afddf7697,2529.55430304502,No
0xaa9546815da4477857c24a2605f9d5b46ba0855d,101.59278203102,No
0x5986759cd05cb157bfdd9c4fc341697053980a4a,1000,No
0xbd8756f58ed396567ca204132d1fed15470173b3,2108.96316088549,No
0xab0215f3fc1e3b932e2d9d0e4e483014dd46bab7,25.2054133497414,No
0x9034b6c67085c4f617dc741d5bd64c4e27116b83,476.875690307178,No
0xd658684ee9fee3d1bceb137b10a3ad1a3541d683,7700,No
0xb23fb4ca613efa44589e2f9da64325039e9957a0,605.104492279219,No
0x4e0afbda51c7c567a106389bba338446f15b7393,284.032387090518,No
0xc18b1c710af51f16bcbab8230205abe30fb1b87d,300,No
0xa251520154ca342f0b1d702bf5a56f78c982405b,173.719206449799,No
0xbfc2d63bac3314237fc2bb182915451fbf1dabbc,405.564694906855,No
0x0504cced39e796912c3561e419d9853f2c8edb46,407.771524736933,No
0x5996498bae6647c6c59edf353d6c18436d5c4c80,188.213653625833,No
0x1d491069a89b7cdc756b3504aab87998ccadd0ca,27.1005151791183,No
0x7bcec44c7486143ee875103de66006047cae8df7,109.480217727891,No
0xe01d58426b78f2336f322fa5b8791a5835064919,2477.01279908649,No
0xdf7cafaf833604d8a995a646ce5ed95702574d2d,1546.08456913458,No
0x1bd46aeb9774bd49590c5dd583fef35e2394d274,27.5243221600922,No
0x6c6541cc3ec6bfc2d7b0ca48ccb0225cbbea9b59,1525.92498608376,No
0x02aea50c1f71714047dc30433168b49882f82ccd,930.49144217364,No
0x4b3193987468c17fa248c538e974553b611f58a7,153.943120016653,No
0x48ba29debaa92bf8d692fa8fe4d45ce6fa5a6778,2951.04800299132,No
0xe60458f765bc61e78940c5a275e9523d1f049690,259.569281105126,No
0x7641d6f27dfd771daa164b9dc9aa13a8ebe41ce1,859.991370941293,No
0xfc24a6dada4d1c128510d77878122188d560f36a,1500,No
0x836a2db4a9195bc2117832955f98ec9c2d5e7211,548.3320776985,No
0x9a516d3e0684a17a26806471713b24ce2a1c1be7,56.1338897249562,No
0xcc2a91b3cc4545bc140d98f2af123fa2155f1bbd,1025.72237032983,No
0x3fed97746f8032470dc136969584817f0aae7bfe,1000,No
0x164ba6d1e6dd5f937908c34137d271ea3852c214,250,No
0xd26a3f686d43f2a62ba9eae2ff77e9f516d945b9,250,No
0x7fdca0a469ea8b50b92322afc0215b67d56a5e9a,250,No
0xaa3e78e700f93c7b81553a7d7c10899ba5349bc5,400,No
0xb3143896e2e734b9730eb9fd7454b387d7bae6cd,424.117023473614,No
0xd2dd3672d1a5970dad696c50768484d856336cae,3817.29438047483,No
0x1ec0dde402dae69021492e7a9c4cbfdf72ffd84b,740.317339340456,No
0xda70761a63d5d0dde3bde3b179126127cccb44b3,10,No
0xf486d56cce70c481b3455af901fcc4f03fee8107,6733.91587702819,No
0xfbd8f457b19b15e62f8c6fd34bb15a800dc6d540,2318.78555105118,No
0x187089b33e5812310ed32a57f53b3fad0383a19d,600,No
0x59ec0edb51ab373c94e1f93fa3cdaaa94aae582b,1,No
0x0000000000003f5e74c1ba8a66b48e6f3d71ae82,1E-18,No
0x11ededebf63bef0ea2d2d071bdf88f71543ec6fb,2.21906019696654,No
0x38e618b099fb1ee84842da77ca5a4846ff675ae7,469.997255178937,No
0xc4394ce56781d39d4e7c952de9070f596b5d72cf,2907.39659151083,No
0x9408f9838a46639e9ed9ed0dc1bd7b48f64271ec,392.384726502423,No
0xa5e2c918834d3d9670c02103cb9f74f3b9c03feb,135,No
0x426a04b46e1052712b021213a63fe40e5376f8cf,1500,No
0xd93e55e48eb7028d70d8708d502035e13367e60e,176.973176889123,No
0xdfe66392d209df90b0dc58d66062aa30339af34f,367.025885477905,No
0xbbf3e43681886f30835eb3ce8ec210b8ff16e85d,299.41447894668,No
0xcb9120133f6a19224059b9ed11d141b11d6439a9,305.153833333641,No
0x2647592ac6d246566a9c38d96663beabe60e2691,204.422561306017,No
0xdbf9efec460b66cd99f8c25dc39bccb090616862,250,No
0x8699b0ffff9136df5fed0175baf4b65477378a3d,367.296325466789,No
0x3ff53eb3bd6705ad8fdf346edf9026eefb404829,447,No
0xf0f2dd63004315157b63d4c11dbbba360ceb32a9,288.469567262848,No
0xaa1ac9cd61344161a0e264095c93a78af5144dfe,1303.35214828513,No
0xad9242795ad7fe630adda2b29ed39a4f4c4fd84b,77.5247235799086,No
0x84e13ba3e77e5fe0b9209ed335ae9054efe5a8c1,621.296141525275,No
0x139776871ee95f55d20b10d9ba5a0385451066cd,476,No
0xb24156b92244c1541f916511e879e60710e30b84,22.3752432477535,No
0xb57cae748c618ab8685a8143890c61c62fcd0f8b,35.1304858273353,No
0x26d39fc7341567c8b0bb96382fc54f367f4298ea,5918.47675746609,No
0x87042da39c06b0f85b435e5ec8ce2b15ec7bd700,1.69304277876794,No
0xd515e42e6ec8d35e5c4ae7a62f02000d3c18424a,1000.76194012157,No
0xb92dcc71a3c9dad21dbd6ae8a61d591b18a5d11d,1015.76885519471,No
0xc5aeb6d28ea775ce6e65505be9ecb5cf752c5bf0,1081.79290006588,No
0x5724673af1c1953f1c09a8b0b894c0b61ce278cd,1802.55470246202,No
0x1e925376e144da5e7a3d4cc455a8c24c0dc21862,1010,No
0x4cb333f3eb7a0ef9e4c570a6b1c117bd1ad8de16,200.814388927978,No
0xa060e2f08fed7bc16b6f7517fd3054f309ea231c,1000,No
0xb18501548eeb4660c2348a75515e2740041999f6,488.187529553806,No
0x8f78b345ae397032c7d005571d052db1738fe039,190.240312543782,No
0xc7cec5b0cc6e70afc7fb44072ce794d507dd5a06,375.067771036537,No
0xc0afc8fb125c293b2df655146365e278ff959982,1000,No
0x9079be3072c0ce9eb2e33249bb976af4a9e068ac,671.811555567705,No
0xe7fa32b4c0fa376ffcca543544232229dff77895,55,No
0xef24218799bb6427db8e387870b3461d2e182f86,333,No
0x50d0825aacfccc2a97173cf75b89de7c2d00f5a6,325,No
0x9e46804c5cbdd6f11872386914745d4985f1b2c5,735.496621748945,No
0xeef3a1c801cd93da84ca9ee8aed591f68e4454de,82.0964123628181,No
0xcb2f7668ebee03e2bcc9b0346ef748ceec676bdf,155.007766804145,No
0x2da2b7a81f6105a7e82816f1eb058fb5225e6e51,1258.15977744967,No
0x55a0730a844727bd694fd8f938a456158be0f8a6,250,No
0x2b6dbeed1922761554b9c4dbbdc0f31ed7ae56c8,481.248510977146,No
0x337dfb988cf2f1b1a48401420ce92f45d9b10d96,2177,No
0xdeb0804d5e54d49c1923da459730e66b60eead6b,862.093694469063,No
0xd4ea8ec9c5243275f886a55a9779ab7b93a11c31,500,No
0xe6ac4decf2a6e97bbf9277f24f1adac8b8f8a6f1,2011.8456015263,No
0x303eebe50f0ed4e5f5b5f01fa6c7c662658b4638,7015.33592842558,No
0x83500f5571f81ff703d014cf05198fe10016b7db,2967.30380068547,No
0xc8d4a8970035f9f3fd01dbd238c97b5348aa3199,1000,No
0x178a716e124596d4ce34f6fd49aedaaf587be044,5000,No
0x972eebcb30252640c60c7e4821b15118f03b267e,11296.3936701748,No
0x1092361f4eafdc6e4555ee761e87ef9c67b9e42f,1000,No
0xd72955556e3d7291ec75f19aa7d54a503e5313df,223.526488170378,No
0xe2dca92f57dea93df4fc9d6e9596514c3708dba7,531.855558369898,No
0xc258d23f0f92c74cc0f0757875db6247502dc3a2,497.017892644135,No
0x94dc920901b6221562ddf07271aadef439a84ead,315.405111636541,No
0x7aed3163fb1b705423175e3c2fa1d58aa638efa0,300,No
0x37535d067e76e0cef4ac9808133c373fb53e5686,20,No
0x23ce6856fc2fccdc2166f459ce77f3a7175da6e8,229.018054256251,No
0x92394fc0b6370f1654ce46c496392286e7ac3a31,118.79028127923,No
0x98dfdc960e087d8bedebac49015b7f22f00d982f,2955.92250094352,No
0xf4039e492374dd1008322dd7536fbe7f43cfd33e,2147.06081549976,No
0xeab5ecc6a488fc6896c5a9b45c5b6a1cdb3aff70,158.786530142559,No
0x8f0ca1739efdef675ac8e1988c8695e81068547f,114.700475408584,No
0xfa8d4827961d808c633ee8b4d784b4e9007da3b6,149,No
0x79f2360207e4026d38cf753feeb375b978ff4d84,6.26459050442E-05,No
0x21286c0aefd41e29d197986eb78f89db9a5d0be9,69.5506271958311,No
0x476832209bc08cad7005bf6a5eb157c85ffb958d,579.538372707623,No
0xf3bfe0bb0dab720ea251dde573fe1d16c9145e1e,1055.11664553137,No
0x81ee46e6b3daf5da90a4b5ee635f610915fff3e2,100,No
0xa729fea17ecffe50195b263f3e007c161d804c31,59.3218227387645,No
0xe085327c5ad2f77147f10973fed45fb19d734f7e,2602.92633957149,No
0x03bfb1a8ef1b295fac603f87217ecdd33280cd2a,133.443934874952,No
0x7d977ccc31552174243e75811cabf133c5fc0d18,2003.76161220043,No
0xae8cf6044696a2264fee8ab96e7bd1b7c01bf6e0,187.986314086478,No
0x176b8c8dd7657a011fcac694364e69cf011980e9,199.535502043567,No
0x45c12b7e62696bc08177af386c3b50049e9ed7f8,723.719693740719,No
0x276389df9ae38bf526f2fea01f64b01dd310fad0,61.1048524918009,No
0x9bdeea6d52243b968748db06803b29fd3b78e6a3,19.9224958421418,No
0x8e118bbffdcc009b1d46423868f7a49f8bcbbfcc,113.045099624508,No
0x8692a2209661f0997f9d8ac98203f29162519d28,93.8493429529795,No
0xa6972ed2023490a1d8d3b2b112d236cf0632319d,109.182238713973,No
0x3fa391851bb142d0f2b0d6e3056d2d7aa7479bfe,644.519137720726,No
0xf4d762fafdde96afcb59375d7ca5f624d1e647ac,261.592267268013,No
0x45a70e7e932911cea75428baddd4ec0d75eb2293,786.095756359098,No
0x9d3ea9e9adde71141f4534db3b9b80df3d03ee5f,127.483847341004,No
0x85b92faa0f0462cd740260525065f1546e03eea7,1000,No
0x8916a35e050fa01338e708b19626ca76cfc74016,129.281738521588,No
0x12b8df598612a2f65b4a77a51678d87e1ceedeef,103.983360100468,No
0xa150da57fe14e1964164fd52b55759c2649c5e9a,1135.80348153723,No
0x96a736033fa415070d4c1927630488af428f5e2f,767.637564206064,No
0xcd30e2995ca661a37cb455efcff90ff85f0f5745,151.10689442438,No
0x7a35b0bf0ffa1903c2259ffebab9b38d6c26ac2d,1000,No
0x60d02a613da7181278e9f48241fdcc0b6ec28b7f,743.869564055321,No
0xbd903f5648fd30e737e1954377fdc7aa5ec9a31b,68.1911035754117,No
0x037bf6a1e7b137f824f46313317e033ffeceb613,301.627519583336,No
0xd976b02be119cb6ee59bbfc2971223adc521b8d5,1.00323625042242,No
0xa524a793448ebc9f351dbfe9d887964c2035fa1f,1224,No
0x013dc4dbf01163148015e6904b34284f08c36fd9,150,No
0xc27e87cfe1fd2ed6f43dfffbb9e9e46428497a24,2238.49262544506,No
0xb2ebc9b3a788afb1e942ed65b59e9e49a1ee500d,1058.13558665353,No
0xa5f02143cc942a7bb77e04e07abf2021ae4fbed0,4,No
0x457ce7f34edad7c18cf2fb4231b51a9e6b79b451,0.000328114162242738,No
0xd1b4f6210c3f106e79ac18c0f38f7e1c1941eefd,3227.80403905664,No
0x084fd317b4332ade64d88dae7fccb871699df081,1020.11937240806,No
0xf7391432cc8da81cbd12cbf3b0176c35776d6801,226,No
0x00000000b65e5ae3c80a89f73fbcfdeabc3c2c06,1E-18,No
0xa405e822d1c3a8568c6b82eb6e570fca0136f802,1.5141E-13,No
0x600fdd0e000f010ce568448e735903fc4a0452fd,8.16099280825454,No
0x8d72a9bebbd5160fbd61e57bcca7810b9f2d1d86,343.022412792195,No
0xc4d646d92e180d7f385c6e35c2ae7749d6cce9dd,512,No
0x86606fc39388d3b6e60d25e3c44b74c89a7ba319,238,No
0xc21a0d54fcc9562b80a8e63c1fc263c588a0f527,200,No
0x9e60d6764c20923f7fd5e9e07d28ef4a03078f21,582.529230327106,No
0xb9c29b3ef0cf74b6591fce755e79616c3e77f024,1111.8227072922,No
0x0a264e1ee0e75b428688cb615e32f31e836baee0,45.9283573983425,No
0xa95966818a0bb0762e8f505326b1cfe53f1d2463,19.7298420777218,No
0xf8e980b6115ba6668eb239e1ea0c1d980d095fe9,570.440505260061,No
0xe3f01bf25fd0b64c9ea776d9b5d5c589b6277fd2,95.0876532960008,No
0xa59c45a960d85bccfdd3beb380b3157d2405badb,618.901191812507,No
0x19f5572ec81f6a952c235f42301ca15e6475efd4,5257.09687249017,No
0x7310e238f2260ff111a941059b023b3ebcf2d54e,500.603207644647,No
0x0ba85c9e1863e5efb8395a55cd042d61decd6e89,351.72774871575,No
0x83ebb069132e69fab6c98a4e8a15d98091d0dd4b,25,No
0x9b52465793cbce01debd9b3c2b029dc69d19d255,0.315771424774215,No
0x68ab9f9ba8e490d9dc191f7a90540b5edccc92d6,322.222183880317,No
0xcde3725b25d6d9bc78cf0941cc15fd9710c764b9,327.508954036406,No
0x51869683791f9950b19145fdc0be0fedf743dd78,500,No
0x8e2160a024ca85810e5bafba77ea332800c2b231,256.154130728647,No
0x057515a36d27132ef0d7466c737006be8cb2f4e0,100,No
0x8659013e122c6f5e23078e4afe290144a88b9e5e,54.8878640153051,No
0xf7a51ac639b9b4a51c09358e906a573aeea4d94a,104,No
0xa4bca35a7739367f753de832045469277fd54d83,35.298661413103,No
0x59464d45d3dc988a390d4895f049a10cab5ee7d3,238,No
0x0b8b0a626a397af6448d2a400f4798d897582cd9,101.252593463874,No
0xe40e69ff36664d542feadaf479b82f00b814c1fc,216.905253722259,No
0x66f9fb75c92a6b987647cdbe55ed6d627b0a2146,132.993564600117,No
0xecf51aaf03e1fd3cf17299e16dfd19f689583433,1872.38985477984,No
0x7240ff3bfc36b19f765ed7308fb3704c0519aa54,500,No
0x33878e070db7f70d2953fe0278cd32adf8104572,20,No
0x289795e6177d2170ba43ced4032a585d0677c6b5,258.739516944723,No
0x7276e204ecfa487a1fa45e79d789c90f44131543,1618.35044251809,No
0x705a42ecc5df243bf9298f1d091b89761522a796,1725,No
0x2ea631bda7f9bb50b441c7d627f0a89d1fee0ebc,2088.74373960865,No
0x2486d6ea7ddbdb872dfe2383ac16cfb73db28733,1601,No
0xca85460d23bfb2e0079bab5aac84921d9d0762a4,155,No
0x6a932f0ae2a7a49fb24b70c8eef6ec0808163345,19,No
0x3be9b9ef04264d256c411207d4b18fd4c2a4a3ec,29,No
0xb0bf7fd6f02258b47f9f0d2dcc469a43f6f62c37,19,No
0x3bfc6599abd5066d7f2a6d232ee845922e1e9a59,67,No
0xa443f4e53d83aa4b12c7a00af03f982d98c86fce,113,No
0xdd8e2548da5a992a63ae5520c6bc92c37a2bcc44,109,No
0x41d2a18e1ddacdabfddadb62e9aee67c63070b76,109,No
0x9407282a4702b2b76082ce06780959e9ae147528,72,No
0xa7a5a2745f10d5c23d75a6fd228a408cede1cae5,72,No
0xa9c42832d6d27a4352df5bcbf2aac24cca936a25,109,No
0xced608aa29bb92185d9b6340adcbfa263dae075b,72,No
0xf5913759b449fae8900d61f7116d451d200c60f7,356.935814684513,No
0x089a180a1fdf7bef50d1ba45b5456e14f6e44255,971.8723384145,No
0xe56e105e63d6d3ff0feb04ce10ca4f6dd25aad25,1000,No
0x014a560ff7443f6c7de6476eb5a1db62c9e54b78,50.2797570485016,No